Protein,Start,End,Sequence,Modification,Fragment,MaxUptake,MHP,State,Exposure,Center,Center SD,Uptake,Uptake SD,RT,RT SD
ASB9,25,32,LSNPLMGD,,,6.000000,846.402600,AE,0.000000,846.788748,0.004979,0.000000,0.000000,3.977755,0.005348
ASB9,25,32,LSNPLMGD,,,6.000000,846.402600,AE,0.500000,849.819310,0.045010,3.030562,0.045285,3.974802,0.008054
ASB9,25,32,LSNPLMGD,,,6.000000,846.402600,AE,1.000000,849.898980,0.053323,3.110232,0.053554,3.983050,0.005916
ASB9,25,32,LSNPLMGD,,,6.000000,846.402600,AE,2.000000,849.476957,0.028456,2.688209,0.028889,3.976616,0.003027
ASB9,25,32,LSNPLMGD,,,6.000000,846.402600,AECR,0.000000,846.816440,0.031114,0.000000,0.000000,3.986055,0.009141
ASB9,25,32,LSNPLMGD,,,6.000000,846.402600,AECR,0.250000,850.031105,0.024118,3.214666,0.039367,3.986583,0.009627
ASB9,25,32,LSNPLMGD,,,6.000000,846.402600,AECR,0.500000,850.060021,0.054462,3.243581,0.062723,3.993932,0.001921
ASB9,25,32,LSNPLMGD,,,6.000000,846.402600,AECR,0.750000,850.001119,0.071643,3.184680,0.078108,3.990215,0.008171
ASB9,25,32,LSNPLMGD,,,6.000000,846.402600,AECR,1.000000,850.096686,0.035866,3.280246,0.047481,3.993629,0.003209
ASB9,25,32,LSNPLMGD,,,6.000000,846.402600,AECR,2.000000,849.857539,0.044699,3.041099,0.054462,3.994064,0.001464
ASB9,25,42,LSNPLMGDAVSDWSPMHE,,,15.000000,1985.873200,AE,0.000000,1987.002685,0.005298,0.000000,0.000000,4.327691,0.003855
ASB9,25,42,LSNPLMGDAVSDWSPMHE,,,15.000000,1985.873200,AE,0.500000,1994.971580,0.033595,7.968895,0.034010,4.325834,0.005630
ASB9,25,42,LSNPLMGDAVSDWSPMHE,,,15.000000,1985.873200,AE,1.000000,1995.162201,0.131265,8.159516,0.131372,4.329893,0.002212
ASB9,25,42,LSNPLMGDAVSDWSPMHE,,,15.000000,1985.873200,AE,2.000000,1994.412474,0.077885,7.409789,0.078065,4.335688,0.000926
ASB9,25,42,LSNPLMGDAVSDWSPMHE,,,15.000000,1985.873200,AECR,0.000000,1987.019760,0.015272,0.000000,0.000000,4.439978,0.006024
ASB9,25,42,LSNPLMGDAVSDWSPMHE,,,15.000000,1985.873200,AECR,0.250000,1995.475155,0.029564,8.455394,0.033276,4.474949,0.008696
ASB9,25,42,LSNPLMGDAVSDWSPMHE,,,15.000000,1985.873200,AECR,0.500000,1995.605474,0.108351,8.585713,0.109422,4.487275,0.004965
ASB9,25,42,LSNPLMGDAVSDWSPMHE,,,15.000000,1985.873200,AECR,0.750000,1995.530067,0.230653,8.510306,0.231158,4.485058,0.009051
ASB9,25,42,LSNPLMGDAVSDWSPMHE,,,15.000000,1985.873200,AECR,1.000000,1995.743078,0.103977,8.723318,0.105092,4.478915,0.011911
ASB9,25,42,LSNPLMGDAVSDWSPMHE,,,15.000000,1985.873200,AECR,2.000000,1995.494841,0.120516,8.475080,0.121480,4.466419,0.002918
ASB9,25,52,LSNPLMGDAVSDWSPMHEAAIHGHQLSL,,,25.000000,3013.429500,AE,0.000000,3015.233311,0.033845,0.000000,0.000000,4.215395,0.005291
ASB9,25,52,LSNPLMGDAVSDWSPMHEAAIHGHQLSL,,,25.000000,3013.429500,AE,0.500000,3026.560373,0.073625,11.327062,0.081031,4.213487,0.005314
ASB9,25,52,LSNPLMGDAVSDWSPMHEAAIHGHQLSL,,,25.000000,3013.429500,AE,1.000000,3027.309189,0.121169,12.075878,0.125807,4.217810,0.005133
ASB9,25,52,LSNPLMGDAVSDWSPMHEAAIHGHQLSL,,,25.000000,3013.429500,AE,2.000000,3026.725282,0.091279,11.491972,0.097351,4.219194,0.002974
ASB9,25,52,LSNPLMGDAVSDWSPMHEAAIHGHQLSL,,,25.000000,3013.429500,AECR,0.000000,3015.231082,0.036262,0.000000,0.000000,4.305056,0.003999
ASB9,25,52,LSNPLMGDAVSDWSPMHEAAIHGHQLSL,,,25.000000,3013.429500,AECR,0.250000,3027.052363,0.072397,11.821281,0.080970,4.329402,0.005803
ASB9,25,52,LSNPLMGDAVSDWSPMHEAAIHGHQLSL,,,25.000000,3013.429500,AECR,0.500000,3027.731666,0.080774,12.500584,0.088540,4.344472,0.003449
ASB9,25,52,LSNPLMGDAVSDWSPMHEAAIHGHQLSL,,,25.000000,3013.429500,AECR,0.750000,3027.966337,0.291897,12.735255,0.294141,4.342081,0.009393
ASB9,25,52,LSNPLMGDAVSDWSPMHEAAIHGHQLSL,,,25.000000,3013.429500,AECR,1.000000,3028.343789,0.065782,13.112706,0.075115,4.338825,0.006302
ASB9,25,52,LSNPLMGDAVSDWSPMHEAAIHGHQLSL,,,25.000000,3013.429500,AECR,2.000000,3028.414021,0.156501,13.182938,0.160647,4.325572,0.004205
ASB9,25,59,LSNPLMGDAVSDWSPMHEAAIHGHQLSLRNLISQG,,,32.000000,3781.853700,AE,0.000000,3784.102948,0.002727,0.000000,0.000000,4.219286,0.006922
ASB9,25,59,LSNPLMGDAVSDWSPMHEAAIHGHQLSLRNLISQG,,,32.000000,3781.853700,AE,0.500000,3798.848025,0.097088,14.745077,0.097127,4.214571,0.004338
ASB9,25,59,LSNPLMGDAVSDWSPMHEAAIHGHQLSLRNLISQG,,,32.000000,3781.853700,AE,1.000000,3800.182514,0.147165,16.079566,0.147190,4.218134,0.002760
ASB9,25,59,LSNPLMGDAVSDWSPMHEAAIHGHQLSLRNLISQG,,,32.000000,3781.853700,AE,2.000000,3799.727635,0.082638,15.624687,0.082683,4.220002,0.003352
ASB9,25,59,LSNPLMGDAVSDWSPMHEAAIHGHQLSLRNLISQG,,,32.000000,3781.853700,AECR,0.000000,3784.087986,0.022798,0.000000,0.000000,4.316620,0.004445
ASB9,25,59,LSNPLMGDAVSDWSPMHEAAIHGHQLSLRNLISQG,,,32.000000,3781.853700,AECR,0.250000,3799.438552,0.066871,15.350567,0.070650,4.344216,0.008422
ASB9,25,59,LSNPLMGDAVSDWSPMHEAAIHGHQLSLRNLISQG,,,32.000000,3781.853700,AECR,0.500000,3800.489395,0.094094,16.401409,0.096816,4.357010,0.007218
ASB9,25,59,LSNPLMGDAVSDWSPMHEAAIHGHQLSLRNLISQG,,,32.000000,3781.853700,AECR,0.750000,3801.036778,0.321476,16.948793,0.322283,4.354288,0.009213
ASB9,25,59,LSNPLMGDAVSDWSPMHEAAIHGHQLSLRNLISQG,,,32.000000,3781.853700,AECR,1.000000,3801.636863,0.030275,17.548877,0.037899,4.344907,0.008114
ASB9,25,59,LSNPLMGDAVSDWSPMHEAAIHGHQLSLRNLISQG,,,32.000000,3781.853700,AECR,2.000000,3801.959249,0.198722,17.871264,0.200025,4.333172,0.004882
ASB9,25,63,LSNPLMGDAVSDWSPMHEAAIHGHQLSLRNLISQGWAVN,,,36.000000,4252.081500,AE,0.000000,4254.604124,0.008662,0.000000,0.000000,4.348405,0.001972
ASB9,25,63,LSNPLMGDAVSDWSPMHEAAIHGHQLSLRNLISQGWAVN,,,36.000000,4252.081500,AE,0.500000,4272.310190,0.261651,17.706066,0.261794,4.345297,0.002997
ASB9,25,63,LSNPLMGDAVSDWSPMHEAAIHGHQLSLRNLISQGWAVN,,,36.000000,4252.081500,AE,1.000000,4273.629894,0.251981,19.025770,0.252130,4.352297,0.004195
ASB9,25,63,LSNPLMGDAVSDWSPMHEAAIHGHQLSLRNLISQGWAVN,,,36.000000,4252.081500,AE,2.000000,4273.093594,0.188738,18.489470,0.188937,4.354101,0.004359
ASB9,25,63,LSNPLMGDAVSDWSPMHEAAIHGHQLSLRNLISQGWAVN,,,36.000000,4252.081500,AECR,0.000000,4254.668559,0.025544,0.000000,0.000000,4.502700,0.001043
ASB9,25,63,LSNPLMGDAVSDWSPMHEAAIHGHQLSLRNLISQGWAVN,,,36.000000,4252.081500,AECR,0.250000,4272.735788,0.227124,18.067229,0.228556,4.524697,0.006559
ASB9,25,63,LSNPLMGDAVSDWSPMHEAAIHGHQLSLRNLISQGWAVN,,,36.000000,4252.081500,AECR,0.500000,4274.209509,0.123565,19.540950,0.126177,4.535706,0.005987
ASB9,25,63,LSNPLMGDAVSDWSPMHEAAIHGHQLSLRNLISQGWAVN,,,36.000000,4252.081500,AECR,0.750000,4274.814540,0.262309,20.145981,0.263550,4.537526,0.009270
ASB9,25,63,LSNPLMGDAVSDWSPMHEAAIHGHQLSLRNLISQGWAVN,,,36.000000,4252.081500,AECR,1.000000,4275.450640,0.144653,20.782081,0.146891,4.524428,0.009977
ASB9,25,63,LSNPLMGDAVSDWSPMHEAAIHGHQLSLRNLISQGWAVN,,,36.000000,4252.081500,AECR,2.000000,4275.739262,0.105097,21.070702,0.108156,4.512498,0.004306
ASB9,43,52,AAIHGHQLSL,,,9.000000,1046.574200,AE,0.000000,1047.079759,0.022026,0.000000,0.000000,3.433661,0.002576
ASB9,43,52,AAIHGHQLSL,,,9.000000,1046.574200,AE,0.500000,1050.655689,0.092005,3.575931,0.094605,3.439548,0.004720
ASB9,43,52,AAIHGHQLSL,,,9.000000,1046.574200,AE,1.000000,1051.065649,0.059595,3.985890,0.063535,3.445239,0.003541
ASB9,43,52,AAIHGHQLSL,,,9.000000,1046.574200,AE,2.000000,1050.961118,0.058625,3.881359,0.062627,3.437220,0.002775
ASB9,43,52,AAIHGHQLSL,,,9.000000,1046.574200,AECR,0.000000,1047.087736,0.037856,0.000000,0.000000,3.360094,0.002143
ASB9,43,52,AAIHGHQLSL,,,9.000000,1046.574200,AECR,0.250000,1050.438143,0.072020,3.350407,0.081363,3.367082,0.002430
ASB9,43,52,AAIHGHQLSL,,,9.000000,1046.574200,AECR,0.500000,1050.703284,0.106349,3.615548,0.112886,3.369829,0.003165
ASB9,43,52,AAIHGHQLSL,,,9.000000,1046.574200,AECR,0.750000,1050.931632,0.084619,3.843896,0.092701,3.365303,0.007637
ASB9,43,52,AAIHGHQLSL,,,9.000000,1046.574200,AECR,1.000000,1051.081605,0.136995,3.993868,0.142130,3.373782,0.004062
ASB9,43,52,AAIHGHQLSL,,,9.000000,1046.574200,AECR,2.000000,1051.158068,0.080106,4.070332,0.088601,3.378887,0.004696
ASB9,43,59,AAIHGHQLSLRNLISQG,,,16.000000,1814.998400,AE,0.000000,1815.925011,0.011290,0.000000,0.000000,3.814111,0.001679
ASB9,43,59,AAIHGHQLSLRNLISQG,,,16.000000,1814.998400,AE,0.500000,1822.783208,0.058353,6.858197,0.059435,3.805012,0.004640
ASB9,43,59,AAIHGHQLSLRNLISQG,,,16.000000,1814.998400,AE,1.000000,1823.687641,0.034432,7.762630,0.036236,3.811307,0.004197
ASB9,43,59,AAIHGHQLSLRNLISQG,,,16.000000,1814.998400,AE,2.000000,1823.780826,0.073654,7.855815,0.074514,3.809607,0.003303
ASB9,43,59,AAIHGHQLSLRNLISQG,,,16.000000,1814.998400,AECR,0.000000,1815.909068,0.018926,0.000000,0.000000,3.801532,0.003851
ASB9,43,59,AAIHGHQLSLRNLISQG,,,16.000000,1814.998400,AECR,0.250000,1822.762767,0.096808,6.853699,0.098640,3.810973,0.000750
ASB9,43,59,AAIHGHQLSLRNLISQG,,,16.000000,1814.998400,AECR,0.500000,1823.643675,0.156766,7.734606,0.157905,3.807426,0.006083
ASB9,43,59,AAIHGHQLSLRNLISQG,,,16.000000,1814.998400,AECR,0.750000,1823.842048,0.053780,7.932980,0.057013,3.816886,0.005595
ASB9,43,59,AAIHGHQLSLRNLISQG,,,16.000000,1814.998400,AECR,1.000000,1824.258165,0.200197,8.349097,0.201089,3.816125,0.006253
ASB9,43,59,AAIHGHQLSLRNLISQG,,,16.000000,1814.998400,AECR,2.000000,1824.577256,0.212044,8.668188,0.212887,3.813820,0.010553
ASB9,53,59,RNLISQG,,,6.000000,787.442100,AE,0.000000,787.776765,0.003245,0.000000,0.000000,3.137620,0.005215
ASB9,53,59,RNLISQG,,,6.000000,787.442100,AE,0.500000,790.337204,0.031498,2.560439,0.031665,3.143057,0.005200
ASB9,53,59,RNLISQG,,,6.000000,787.442100,AE,1.000000,790.708821,0.020913,2.932056,0.021164,3.143917,0.000779
ASB9,53,59,RNLISQG,,,6.000000,787.442100,AE,2.000000,790.832589,0.002264,3.055823,0.003957,3.130891,0.003208
ASB9,53,59,RNLISQG,,,6.000000,787.442100,AECR,0.000000,787.767106,0.003048,0.000000,0.000000,3.017380,0.005300
ASB9,53,59,RNLISQG,,,6.000000,787.442100,AECR,0.250000,790.370646,0.047949,2.603540,0.048046,3.010037,0.004839
ASB9,53,59,RNLISQG,,,6.000000,787.442100,AECR,0.500000,790.722818,0.031215,2.955713,0.031364,3.011463,0.003336
ASB9,53,59,RNLISQG,,,6.000000,787.442100,AECR,0.750000,790.939941,0.032208,3.172836,0.032352,3.004652,0.007302
ASB9,53,59,RNLISQG,,,6.000000,787.442100,AECR,1.000000,791.075360,0.024710,3.308255,0.024897,3.015524,0.009363
ASB9,53,59,RNLISQG,,,6.000000,787.442100,AECR,2.000000,791.326876,0.020624,3.559771,0.020848,3.023009,0.003636
ASB9,64,75,IITADHVSPLHE,,,10.000000,1331.695400,AE,0.000000,1332.405017,0.003772,0.000000,0.000000,3.297837,0.003419
ASB9,64,75,IITADHVSPLHE,,,10.000000,1331.695400,AE,0.500000,1335.705261,0.126768,3.300243,0.126824,3.298299,0.006573
ASB9,64,75,IITADHVSPLHE,,,10.000000,1331.695400,AE,1.000000,1336.023508,0.025847,3.618491,0.026120,3.299836,0.003212
ASB9,64,75,IITADHVSPLHE,,,10.000000,1331.695400,AE,2.000000,1336.103859,0.063627,3.698842,0.063739,3.285524,0.002645
ASB9,64,75,IITADHVSPLHE,,,10.000000,1331.695400,AECR,0.000000,1332.396780,0.013022,0.000000,0.000000,3.198403,0.008816
ASB9,64,75,IITADHVSPLHE,,,10.000000,1331.695400,AECR,0.250000,1335.622516,0.050488,3.225737,0.052140,3.197114,0.001852
ASB9,64,75,IITADHVSPLHE,,,10.000000,1331.695400,AECR,0.500000,1335.880423,0.112059,3.483643,0.112814,3.202885,0.001638
ASB9,64,75,IITADHVSPLHE,,,10.000000,1331.695400,AECR,0.750000,1336.099990,0.066297,3.703211,0.067564,3.197959,0.005225
ASB9,64,75,IITADHVSPLHE,,,10.000000,1331.695400,AECR,1.000000,1336.236355,0.047320,3.839575,0.049079,3.204258,0.005033
ASB9,64,75,IITADHVSPLHE,,,10.000000,1331.695400,AECR,2.000000,1336.503971,0.037798,4.107191,0.039978,3.209582,0.003869
ASB9,64,78,IITADHVSPLHEACL,,,13.000000,1618.825800,AE,0.000000,1619.681310,0.002262,0.000000,0.000000,3.739111,0.004063
ASB9,64,78,IITADHVSPLHEACL,,,13.000000,1618.825800,AE,0.500000,1623.243878,0.206129,3.562568,0.206141,3.742185,0.007987
ASB9,64,78,IITADHVSPLHEACL,,,13.000000,1618.825800,AE,1.000000,1623.492767,0.124259,3.811457,0.124279,3.752230,0.002367
ASB9,64,78,IITADHVSPLHEACL,,,13.000000,1618.825800,AE,2.000000,1623.672706,0.072054,3.991396,0.072089,3.745979,0.001850
ASB9,64,78,IITADHVSPLHEACL,,,13.000000,1618.825800,AECR,0.000000,1619.710314,0.012343,0.000000,0.000000,3.731717,0.004328
ASB9,64,78,IITADHVSPLHEACL,,,13.000000,1618.825800,AECR,0.250000,1623.032235,0.043863,3.321921,0.045566,3.741670,0.003302
ASB9,64,78,IITADHVSPLHEACL,,,13.000000,1618.825800,AECR,0.500000,1623.255623,0.195078,3.545309,0.195468,3.744196,0.001945
ASB9,64,78,IITADHVSPLHEACL,,,13.000000,1618.825800,AECR,0.750000,1623.546984,0.168164,3.836670,0.168617,3.744905,0.007403
ASB9,64,78,IITADHVSPLHEACL,,,13.000000,1618.825800,AECR,1.000000,1623.681063,0.060532,3.970749,0.061778,3.747006,0.002523
ASB9,64,78,IITADHVSPLHEACL,,,13.000000,1618.825800,AECR,2.000000,1623.947547,0.085221,4.237234,0.086110,3.753856,0.008371
ASB9,64,84,IITADHVSPLHEACLGGHLSC,,,19.000000,2173.052900,AE,0.000000,2174.280960,0.045796,0.000000,0.000000,3.688389,0.007336
ASB9,64,84,IITADHVSPLHEACLGGHLSC,,,19.000000,2173.052900,AE,0.500000,2180.057607,0.208669,5.776647,0.213636,3.695483,0.012954
ASB9,64,84,IITADHVSPLHEACLGGHLSC,,,19.000000,2173.052900,AE,1.000000,2180.501617,0.067801,6.220656,0.081819,3.697972,0.002618
ASB9,64,84,IITADHVSPLHEACLGGHLSC,,,19.000000,2173.052900,AE,2.000000,2180.545074,0.121370,6.264114,0.129723,3.691024,0.002843
ASB9,64,84,IITADHVSPLHEACLGGHLSC,,,19.000000,2173.052900,AECR,0.000000,2174.339695,0.014284,0.000000,0.000000,3.700963,0.005234
ASB9,64,84,IITADHVSPLHEACLGGHLSC,,,19.000000,2173.052900,AECR,0.250000,2179.895477,0.031481,5.555782,0.034570,3.709894,0.007325
ASB9,64,84,IITADHVSPLHEACLGGHLSC,,,19.000000,2173.052900,AECR,0.500000,2180.251254,0.213716,5.911558,0.214193,3.711100,0.002817
ASB9,64,84,IITADHVSPLHEACLGGHLSC,,,19.000000,2173.052900,AECR,0.750000,2180.534832,0.176184,6.195137,0.176762,3.715203,0.010956
ASB9,64,84,IITADHVSPLHEACLGGHLSC,,,19.000000,2173.052900,AECR,1.000000,2180.721471,0.093322,6.381775,0.094409,3.713341,0.003888
ASB9,64,84,IITADHVSPLHEACLGGHLSC,,,19.000000,2173.052900,AECR,2.000000,2181.165275,0.117214,6.825580,0.118081,3.714976,0.003864
ASB9,65,75,ITADHVSPLHE,,,9.000000,1218.611300,AE,0.000000,1219.174307,0.011446,0.000000,0.000000,3.294379,0.003288
ASB9,65,75,ITADHVSPLHE,,,9.000000,1218.611300,AE,0.500000,1222.314757,0.114574,3.140450,0.115145,3.295274,0.006846
ASB9,65,75,ITADHVSPLHE,,,9.000000,1218.611300,AE,1.000000,1222.604217,0.036129,3.429909,0.037899,3.294105,0.002711
ASB9,65,75,ITADHVSPLHE,,,9.000000,1218.611300,AE,2.000000,1222.686186,0.052715,3.511879,0.053944,3.283697,0.001660
ASB9,65,75,ITADHVSPLHE,,,9.000000,1218.611300,AECR,0.000000,1219.163315,0.012918,0.000000,0.000000,3.195807,0.007871
ASB9,65,75,ITADHVSPLHE,,,9.000000,1218.611300,AECR,0.250000,1222.197543,0.025610,3.034228,0.028683,3.195055,0.001290
ASB9,65,75,ITADHVSPLHE,,,9.000000,1218.611300,AECR,0.500000,1222.405439,0.078384,3.242123,0.079441,3.199581,0.002102
ASB9,65,75,ITADHVSPLHE,,,9.000000,1218.611300,AECR,0.750000,1222.661648,0.101616,3.498332,0.102433,3.195024,0.006123
ASB9,65,75,ITADHVSPLHE,,,9.000000,1218.611300,AECR,1.000000,1222.778661,0.044200,3.615345,0.046049,3.202624,0.006032
ASB9,65,75,ITADHVSPLHE,,,9.000000,1218.611300,AECR,2.000000,1223.018999,0.053540,3.855684,0.055076,3.206934,0.002529
ASB9,66,75,TADHVSPLHE,,,8.000000,1105.527300,AE,0.000000,1106.083670,0.012330,0.000000,0.000000,3.296327,0.003703
ASB9,66,75,TADHVSPLHE,,,8.000000,1105.527300,AE,0.500000,1109.121338,0.103430,3.037668,0.104162,3.299558,0.004799
ASB9,66,75,TADHVSPLHE,,,8.000000,1105.527300,AE,1.000000,1109.427211,0.015219,3.343542,0.019586,3.298284,0.002676
ASB9,66,75,TADHVSPLHE,,,8.000000,1105.527300,AE,2.000000,1109.479175,0.045309,3.395506,0.046957,3.286329,0.001801
ASB9,66,75,TADHVSPLHE,,,8.000000,1105.527300,AECR,0.000000,1106.029055,0.028458,0.000000,0.000000,3.196734,0.007853
ASB9,66,75,TADHVSPLHE,,,8.000000,1105.527300,AECR,0.250000,1109.017345,0.066401,2.988290,0.072243,3.194701,0.001446
ASB9,66,75,TADHVSPLHE,,,8.000000,1105.527300,AECR,0.500000,1109.247506,0.095817,3.218452,0.099953,3.201398,0.002424
ASB9,66,75,TADHVSPLHE,,,8.000000,1105.527300,AECR,0.750000,1109.404402,0.069204,3.375347,0.074827,3.196270,0.006980
ASB9,66,75,TADHVSPLHE,,,8.000000,1105.527300,AECR,1.000000,1109.584672,0.048619,3.555617,0.056335,3.204585,0.005092
ASB9,66,75,TADHVSPLHE,,,8.000000,1105.527300,AECR,2.000000,1109.803484,0.044244,3.774430,0.052606,3.209284,0.003511
ASB9,66,84,TADHVSPLHEACLGGHLSC,,,17.000000,1946.884700,AE,0.000000,1948.003279,0.013289,0.000000,0.000000,3.674259,0.004046
ASB9,66,84,TADHVSPLHEACLGGHLSC,,,17.000000,1946.884700,AE,0.500000,1953.469483,0.234724,5.466204,0.235100,3.685355,0.012388
ASB9,66,84,TADHVSPLHEACLGGHLSC,,,17.000000,1946.884700,AE,1.000000,1953.819887,0.082810,5.816609,0.083870,3.689531,0.002664
ASB9,66,84,TADHVSPLHEACLGGHLSC,,,17.000000,1946.884700,AE,2.000000,1953.845162,0.144533,5.841883,0.145142,3.682360,0.001512
ASB9,66,84,TADHVSPLHEACLGGHLSC,,,17.000000,1946.884700,AECR,0.000000,1947.951420,0.022250,0.000000,0.000000,3.691195,0.005203
ASB9,66,84,TADHVSPLHEACLGGHLSC,,,17.000000,1946.884700,AECR,0.250000,1953.304895,0.036097,5.353475,0.042404,3.703659,0.008331
ASB9,66,84,TADHVSPLHEACLGGHLSC,,,17.000000,1946.884700,AECR,0.500000,1953.602486,0.214906,5.651066,0.216055,3.704889,0.002008
ASB9,66,84,TADHVSPLHEACLGGHLSC,,,17.000000,1946.884700,AECR,0.750000,1953.893904,0.128580,5.942484,0.130491,3.710185,0.010473
ASB9,66,84,TADHVSPLHEACLGGHLSC,,,17.000000,1946.884700,AECR,1.000000,1954.057030,0.096176,6.105610,0.098716,3.708998,0.004081
ASB9,66,84,TADHVSPLHEACLGGHLSC,,,17.000000,1946.884700,AECR,2.000000,1954.435535,0.067848,6.484115,0.071403,3.710108,0.004000
ASB9,76,84,ACLGGHLSC,,,8.000000,860.375300,AE,0.000000,860.813423,0.005252,0.000000,0.000000,3.477021,0.002128
ASB9,76,84,ACLGGHLSC,,,8.000000,860.375300,AE,0.500000,863.586182,0.092013,2.772759,0.092163,3.477845,0.006752
ASB9,76,84,ACLGGHLSC,,,8.000000,860.375300,AE,1.000000,863.643402,0.002102,2.829979,0.005657,3.483571,0.003250
ASB9,76,84,ACLGGHLSC,,,8.000000,860.375300,AE,2.000000,863.559897,0.074262,2.746474,0.074447,3.477913,0.001773
ASB9,76,84,ACLGGHLSC,,,8.000000,860.375300,AECR,0.000000,860.844813,0.018512,0.000000,0.000000,3.416793,0.051528
ASB9,76,84,ACLGGHLSC,,,8.000000,860.375300,AECR,0.250000,863.517097,0.021349,2.672284,0.028257,3.407320,0.002282
ASB9,76,84,ACLGGHLSC,,,8.000000,860.375300,AECR,0.500000,863.530112,0.045977,2.685300,0.049564,3.411619,0.000111
ASB9,76,84,ACLGGHLSC,,,8.000000,860.375300,AECR,0.750000,863.680756,0.080094,2.835943,0.082206,3.405618,0.006152
ASB9,76,84,ACLGGHLSC,,,8.000000,860.375300,AECR,1.000000,863.774635,0.058610,2.929823,0.061464,3.413634,0.005175
ASB9,76,84,ACLGGHLSC,,,8.000000,860.375300,AECR,2.000000,863.910595,0.033592,3.065783,0.038355,3.418066,0.003348
ASB9,85,99,VKILLKHGAQVNGVT,,,14.000000,1576.953300,AE,0.000000,1577.742396,0.013960,0.000000,0.000000,3.042958,0.004344
ASB9,85,99,VKILLKHGAQVNGVT,,,14.000000,1576.953300,AE,0.500000,1583.027376,0.027977,5.284980,0.031267,3.050360,0.004952
ASB9,85,99,VKILLKHGAQVNGVT,,,14.000000,1576.953300,AE,1.000000,1583.568256,0.010132,5.825860,0.017249,3.052854,0.001523
ASB9,85,99,VKILLKHGAQVNGVT,,,14.000000,1576.953300,AE,2.000000,1583.587053,0.046361,5.844657,0.048417,3.043497,0.001940
ASB9,85,99,VKILLKHGAQVNGVT,,,14.000000,1576.953300,AECR,0.000000,1577.739151,0.006529,0.000000,0.000000,2.927101,0.005113
ASB9,85,99,VKILLKHGAQVNGVT,,,14.000000,1576.953300,AECR,0.250000,1582.650405,0.062905,4.911254,0.063243,2.928333,0.002579
ASB9,85,99,VKILLKHGAQVNGVT,,,14.000000,1576.953300,AECR,0.500000,1583.003590,0.064865,5.264439,0.065192,2.926923,0.003081
ASB9,85,99,VKILLKHGAQVNGVT,,,14.000000,1576.953300,AECR,0.750000,1583.376764,0.074934,5.637613,0.075218,2.923947,0.004604
ASB9,85,99,VKILLKHGAQVNGVT,,,14.000000,1576.953300,AECR,1.000000,1583.661266,0.030129,5.922115,0.030829,2.932066,0.008922
ASB9,85,99,VKILLKHGAQVNGVT,,,14.000000,1576.953300,AECR,2.000000,1584.035259,0.145152,6.296108,0.145299,2.937475,0.003619
ASB9,85,101,VKILLKHGAQVNGVTAD,,,16.000000,1763.017400,AE,0.000000,1763.893870,0.026369,0.000000,0.000000,3.241644,0.004642
ASB9,85,101,VKILLKHGAQVNGVTAD,,,16.000000,1763.017400,AE,0.500000,1765.466785,0.048762,1.572916,0.055435,3.256162,0.006319
ASB9,85,101,VKILLKHGAQVNGVTAD,,,16.000000,1763.017400,AE,1.000000,1765.739020,0.014641,1.845150,0.030161,3.257065,0.000821
ASB9,85,101,VKILLKHGAQVNGVTAD,,,16.000000,1763.017400,AE,2.000000,1765.942581,0.059203,2.048711,0.064810,3.245268,0.002535
ASB9,85,101,VKILLKHGAQVNGVTAD,,,16.000000,1763.017400,AECR,0.000000,1763.929068,0.015593,0.000000,0.000000,3.142448,0.007272
ASB9,85,101,VKILLKHGAQVNGVTAD,,,16.000000,1763.017400,AECR,0.250000,1765.329822,0.041469,1.400754,0.044304,3.142884,0.002259
ASB9,85,101,VKILLKHGAQVNGVTAD,,,16.000000,1763.017400,AECR,0.500000,1765.535270,0.024034,1.606202,0.028649,3.147445,0.000961
ASB9,85,101,VKILLKHGAQVNGVTAD,,,16.000000,1763.017400,AECR,0.750000,1765.703085,0.064699,1.774017,0.066551,3.144261,0.007214
ASB9,85,101,VKILLKHGAQVNGVTAD,,,16.000000,1763.017400,AECR,1.000000,1765.917492,0.045890,1.988424,0.048467,3.148594,0.007165
ASB9,85,101,VKILLKHGAQVNGVTAD,,,16.000000,1763.017400,AECR,2.000000,1766.273737,0.020278,2.344669,0.025580,3.155118,0.002203
ASB9,85,107,VKILLKHGAQVNGVTADWHTPLF,,,21.000000,2544.408500,AE,0.000000,2545.796804,0.012271,0.000000,0.000000,3.991641,0.006493
ASB9,85,107,VKILLKHGAQVNGVTADWHTPLF,,,21.000000,2544.408500,AE,0.500000,2553.023453,0.087641,7.226648,0.088496,4.000688,0.006353
ASB9,85,107,VKILLKHGAQVNGVTADWHTPLF,,,21.000000,2544.408500,AE,1.000000,2553.688374,0.032223,7.891570,0.034481,4.004216,0.004566
ASB9,85,107,VKILLKHGAQVNGVTADWHTPLF,,,21.000000,2544.408500,AE,2.000000,2553.771071,0.064789,7.974267,0.065941,4.004677,0.002524
ASB9,85,107,VKILLKHGAQVNGVTADWHTPLF,,,21.000000,2544.408500,AECR,0.000000,2545.778503,0.010547,0.000000,0.000000,4.016385,0.005973
ASB9,85,107,VKILLKHGAQVNGVTADWHTPLF,,,21.000000,2544.408500,AECR,0.250000,2552.684783,0.048500,6.906280,0.049633,4.027226,0.004273
ASB9,85,107,VKILLKHGAQVNGVTADWHTPLF,,,21.000000,2544.408500,AECR,0.500000,2553.189868,0.133303,7.411365,0.133720,4.039098,0.001455
ASB9,85,107,VKILLKHGAQVNGVTADWHTPLF,,,21.000000,2544.408500,AECR,0.750000,2553.646568,0.094466,7.868065,0.095053,4.037588,0.003699
ASB9,85,107,VKILLKHGAQVNGVTADWHTPLF,,,21.000000,2544.408500,AECR,1.000000,2553.898918,0.072080,8.120415,0.072847,4.035840,0.002542
ASB9,85,107,VKILLKHGAQVNGVTADWHTPLF,,,21.000000,2544.408500,AECR,2.000000,2554.686795,0.045584,8.908293,0.046788,4.037262,0.004113
ASB9,85,110,VKILLKHGAQVNGVTADWHTPLFNAC,,,24.000000,2832.497800,AE,0.000000,2834.167859,0.026884,0.000000,0.000000,3.955252,0.006363
ASB9,85,110,VKILLKHGAQVNGVTADWHTPLFNAC,,,24.000000,2832.497800,AE,0.500000,2841.740286,0.144572,7.572427,0.147050,3.964529,0.014525
ASB9,85,110,VKILLKHGAQVNGVTADWHTPLFNAC,,,24.000000,2832.497800,AE,1.000000,2842.409336,0.064052,8.241477,0.069465,3.974407,0.007985
ASB9,85,110,VKILLKHGAQVNGVTADWHTPLFNAC,,,24.000000,2832.497800,AE,2.000000,2842.686184,0.157154,8.518325,0.159437,3.971441,0.006088
ASB9,85,110,VKILLKHGAQVNGVTADWHTPLFNAC,,,24.000000,2832.497800,AECR,0.000000,2834.127218,0.007916,0.000000,0.000000,4.001993,0.006229
ASB9,85,110,VKILLKHGAQVNGVTADWHTPLFNAC,,,24.000000,2832.497800,AECR,0.250000,2841.437134,0.097448,7.309916,0.097769,4.014554,0.007543
ASB9,85,110,VKILLKHGAQVNGVTADWHTPLFNAC,,,24.000000,2832.497800,AECR,0.500000,2841.955817,0.197845,7.828599,0.198003,4.019231,0.002472
ASB9,85,110,VKILLKHGAQVNGVTADWHTPLFNAC,,,24.000000,2832.497800,AECR,0.750000,2842.322480,0.191772,8.195262,0.191936,4.019147,0.008464
ASB9,85,110,VKILLKHGAQVNGVTADWHTPLFNAC,,,24.000000,2832.497800,AECR,1.000000,2842.631324,0.068843,8.504106,0.069297,4.019637,0.000980
ASB9,85,110,VKILLKHGAQVNGVTADWHTPLFNAC,,,24.000000,2832.497800,AECR,2.000000,2843.445572,0.091266,9.318354,0.091609,4.018005,0.002085
ASB9,120,153,LLLQHGASVQPESDLASPIHEAARRGHVECVNSL,,,31.000000,3633.855400,AE,0.000000,3635.947290,0.012036,0.000000,0.000000,3.641644,0.007912
ASB9,120,153,LLLQHGASVQPESDLASPIHEAARRGHVECVNSL,,,31.000000,3633.855400,AE,0.500000,3646.487208,0.328056,10.539918,0.328277,3.629920,0.007224
ASB9,120,153,LLLQHGASVQPESDLASPIHEAARRGHVECVNSL,,,31.000000,3633.855400,AE,1.000000,3646.957281,0.133512,11.009990,0.134053,3.634459,0.002701
ASB9,120,153,LLLQHGASVQPESDLASPIHEAARRGHVECVNSL,,,31.000000,3633.855400,AE,2.000000,3646.469562,0.309379,10.522271,0.309614,3.635247,0.009846
ASB9,120,153,LLLQHGASVQPESDLASPIHEAARRGHVECVNSL,,,31.000000,3633.855400,AECR,0.000000,3635.935650,0.020198,0.000000,0.000000,3.643832,0.002205
ASB9,120,153,LLLQHGASVQPESDLASPIHEAARRGHVECVNSL,,,31.000000,3633.855400,AECR,0.250000,3645.843597,0.079867,9.907948,0.082382,3.645881,0.006121
ASB9,120,153,LLLQHGASVQPESDLASPIHEAARRGHVECVNSL,,,31.000000,3633.855400,AECR,0.500000,3646.152615,0.399647,10.216966,0.400157,3.652827,0.006092
ASB9,120,153,LLLQHGASVQPESDLASPIHEAARRGHVECVNSL,,,31.000000,3633.855400,AECR,0.750000,3646.490130,0.348828,10.554481,0.349413,3.650890,0.005175
ASB9,120,153,LLLQHGASVQPESDLASPIHEAARRGHVECVNSL,,,31.000000,3633.855400,AECR,1.000000,3646.674227,0.181020,10.738578,0.182144,3.651941,0.004427
ASB9,120,153,LLLQHGASVQPESDLASPIHEAARRGHVECVNSL,,,31.000000,3633.855400,AECR,2.000000,3646.937045,0.285276,11.001395,0.285990,3.653895,0.003610
ASB9,121,133,LLQHGASVQPESD,,,11.000000,1380.675400,AE,0.000000,1381.350918,0.005185,0.000000,0.000000,2.850484,0.002796
ASB9,121,133,LLQHGASVQPESD,,,11.000000,1380.675400,AE,0.500000,1386.236387,0.011184,4.885469,0.012328,2.848161,0.003856
ASB9,121,133,LLQHGASVQPESD,,,11.000000,1380.675400,AE,1.000000,1386.313119,0.029112,4.962202,0.029570,2.862847,0.005575
ASB9,121,133,LLQHGASVQPESD,,,11.000000,1380.675400,AE,2.000000,1385.880519,0.053796,4.529601,0.054045,2.845016,0.001306
ASB9,121,133,LLQHGASVQPESD,,,11.000000,1380.675400,AECR,0.000000,1381.327193,0.007533,0.000000,0.000000,2.768005,0.003023
ASB9,121,133,LLQHGASVQPESD,,,11.000000,1380.675400,AECR,0.250000,1386.064904,0.029489,4.737712,0.030436,2.763334,0.003329
ASB9,121,133,LLQHGASVQPESD,,,11.000000,1380.675400,AECR,0.500000,1386.244109,0.016269,4.916917,0.017929,2.763946,0.001643
ASB9,121,133,LLQHGASVQPESD,,,11.000000,1380.675400,AECR,0.750000,1386.202503,0.050337,4.875310,0.050897,2.761021,0.004921
ASB9,121,133,LLQHGASVQPESD,,,11.000000,1380.675400,AECR,1.000000,1386.257540,0.017672,4.930347,0.019211,2.770112,0.008188
ASB9,121,133,LLQHGASVQPESD,,,11.000000,1380.675400,AECR,2.000000,1386.280420,0.050281,4.953227,0.050842,2.774453,0.002805
ASB9,130,153,PESDLASPIHEAARRGHVECVNSL,,,21.000000,2587.268200,AE,0.000000,2588.676823,0.005554,0.000000,0.000000,3.565329,0.006040
ASB9,130,153,PESDLASPIHEAARRGHVECVNSL,,,21.000000,2587.268200,AE,0.500000,2596.186125,0.131459,7.509303,0.131576,3.565690,0.007315
ASB9,130,153,PESDLASPIHEAARRGHVECVNSL,,,21.000000,2587.268200,AE,1.000000,2596.806003,0.093906,8.129180,0.094070,3.574697,0.004585
ASB9,130,153,PESDLASPIHEAARRGHVECVNSL,,,21.000000,2587.268200,AE,2.000000,2596.469886,0.235216,7.793063,0.235282,3.569709,0.001328
ASB9,130,153,PESDLASPIHEAARRGHVECVNSL,,,21.000000,2587.268200,AECR,0.000000,2588.710692,0.017153,0.000000,0.000000,3.569267,0.011484
ASB9,130,153,PESDLASPIHEAARRGHVECVNSL,,,21.000000,2587.268200,AECR,0.250000,2596.017130,0.033770,7.306437,0.037877,3.546851,0.005047
ASB9,130,153,PESDLASPIHEAARRGHVECVNSL,,,21.000000,2587.268200,AECR,0.500000,2596.170726,0.370099,7.460034,0.370496,3.562861,0.002812
ASB9,130,153,PESDLASPIHEAARRGHVECVNSL,,,21.000000,2587.268200,AECR,0.750000,2596.529385,0.325201,7.818693,0.325653,3.562133,0.008104
ASB9,130,153,PESDLASPIHEAARRGHVECVNSL,,,21.000000,2587.268200,AECR,1.000000,2596.706465,0.228216,7.995773,0.228860,3.562581,0.004437
ASB9,130,153,PESDLASPIHEAARRGHVECVNSL,,,21.000000,2587.268200,AECR,2.000000,2596.812770,0.170602,8.102078,0.171462,3.561409,0.007507
ASB9,154,172,IAYGGNIDHKISHLGTPLY,,,17.000000,2069.081500,AE,0.000000,2070.167027,0.016434,0.000000,0.000000,3.644807,0.003405
ASB9,154,172,IAYGGNIDHKISHLGTPLY,,,17.000000,2069.081500,AE,0.500000,2075.027681,0.206704,4.860654,0.207356,3.648999,0.008362
ASB9,154,172,IAYGGNIDHKISHLGTPLY,,,17.000000,2069.081500,AE,1.000000,2075.269720,0.070696,5.102693,0.072581,3.653209,0.003023
ASB9,154,172,IAYGGNIDHKISHLGTPLY,,,17.000000,2069.081500,AE,2.000000,2075.019946,0.102026,4.852919,0.103341,3.651415,0.004271
ASB9,154,172,IAYGGNIDHKISHLGTPLY,,,17.000000,2069.081500,AECR,0.000000,2070.192659,0.015289,0.000000,0.000000,3.639085,0.000877
ASB9,154,172,IAYGGNIDHKISHLGTPLY,,,17.000000,2069.081500,AECR,0.250000,2074.307902,0.038535,4.115243,0.041457,3.647092,0.006631
ASB9,154,172,IAYGGNIDHKISHLGTPLY,,,17.000000,2069.081500,AECR,0.500000,2074.644775,0.165359,4.452116,0.166064,3.652074,0.004829
ASB9,154,172,IAYGGNIDHKISHLGTPLY,,,17.000000,2069.081500,AECR,0.750000,2074.991969,0.221626,4.799309,0.222153,3.649016,0.007016
ASB9,154,172,IAYGGNIDHKISHLGTPLY,,,17.000000,2069.081500,AECR,1.000000,2074.913500,0.149332,4.720841,0.150113,3.651345,0.004495
ASB9,154,172,IAYGGNIDHKISHLGTPLY,,,17.000000,2069.081500,AECR,2.000000,2075.167347,0.123620,4.974688,0.124562,3.655139,0.002674
ASB9,154,173,IAYGGNIDHKISHLGTPLYL,,,18.000000,2182.165500,AE,0.000000,2183.352399,0.005571,0.000000,0.000000,3.912810,0.001951
ASB9,154,173,IAYGGNIDHKISHLGTPLYL,,,18.000000,2182.165500,AE,0.500000,2187.974594,0.235051,4.622195,0.235117,3.921685,0.000384
ASB9,154,173,IAYGGNIDHKISHLGTPLYL,,,18.000000,2182.165500,AE,1.000000,2188.228656,0.054407,4.876257,0.054692,3.923285,0.003837
ASB9,154,173,IAYGGNIDHKISHLGTPLYL,,,18.000000,2182.165500,AE,2.000000,2187.987529,0.125800,4.635130,0.125923,3.921082,0.001614
ASB9,154,173,IAYGGNIDHKISHLGTPLYL,,,18.000000,2182.165500,AECR,0.000000,2183.351728,0.011741,0.000000,0.000000,3.928959,0.009060
ASB9,154,173,IAYGGNIDHKISHLGTPLYL,,,18.000000,2182.165500,AECR,0.250000,2187.201028,0.078938,3.849301,0.079806,3.938070,0.006040
ASB9,154,173,IAYGGNIDHKISHLGTPLYL,,,18.000000,2182.165500,AECR,0.500000,2187.532018,0.176899,4.180290,0.177289,3.949753,0.006596
ASB9,154,173,IAYGGNIDHKISHLGTPLYL,,,18.000000,2182.165500,AECR,0.750000,2187.719773,0.205789,4.368045,0.206124,3.945274,0.005259
ASB9,154,173,IAYGGNIDHKISHLGTPLYL,,,18.000000,2182.165500,AECR,1.000000,2187.716176,0.071830,4.364448,0.072783,3.944461,0.002274
ASB9,154,173,IAYGGNIDHKISHLGTPLYL,,,18.000000,2182.165500,AECR,2.000000,2187.915968,0.149962,4.564240,0.150420,3.947450,0.004653
ASB9,174,213,ACENQQRACVKKLLESGADVNQGKGQDSPLHAVARTASEE,,,38.000000,4238.067700,AE,0.000000,4240.474088,0.008130,0.000000,0.000000,3.572706,0.001870
ASB9,174,213,ACENQQRACVKKLLESGADVNQGKGQDSPLHAVARTASEE,,,38.000000,4238.067700,AE,0.500000,4251.172097,1.058511,10.698010,1.058543,3.567266,0.004520
ASB9,174,213,ACENQQRACVKKLLESGADVNQGKGQDSPLHAVARTASEE,,,38.000000,4238.067700,AE,1.000000,4251.742592,0.219856,11.268505,0.220006,3.574255,0.001261
ASB9,174,213,ACENQQRACVKKLLESGADVNQGKGQDSPLHAVARTASEE,,,38.000000,4238.067700,AE,2.000000,4251.265842,0.419352,10.791754,0.419431,3.572701,0.002227
ASB9,174,213,ACENQQRACVKKLLESGADVNQGKGQDSPLHAVARTASEE,,,38.000000,4238.067700,AECR,0.000000,4240.458255,0.023344,0.000000,0.000000,3.584044,0.004616
ASB9,174,213,ACENQQRACVKKLLESGADVNQGKGQDSPLHAVARTASEE,,,38.000000,4238.067700,AECR,0.250000,4249.318092,0.101167,8.859836,0.103825,3.585625,0.010290
ASB9,174,213,ACENQQRACVKKLLESGADVNQGKGQDSPLHAVARTASEE,,,38.000000,4238.067700,AECR,0.500000,4249.683025,0.374101,9.224770,0.374829,3.590456,0.003516
ASB9,174,213,ACENQQRACVKKLLESGADVNQGKGQDSPLHAVARTASEE,,,38.000000,4238.067700,AECR,0.750000,4249.947699,0.125640,9.489444,0.127790,3.584451,0.004590
ASB9,174,213,ACENQQRACVKKLLESGADVNQGKGQDSPLHAVARTASEE,,,38.000000,4238.067700,AECR,1.000000,4250.443497,0.188204,9.985242,0.189646,3.587562,0.003854
ASB9,174,213,ACENQQRACVKKLLESGADVNQGKGQDSPLHAVARTASEE,,,38.000000,4238.067700,AECR,2.000000,4250.741139,0.261222,10.282884,0.262263,3.593586,0.004097
ASB9,176,214,ENQQRACVKKLLESGADVNQGKGQDSPLHAVARTASEEL,,,37.000000,4177.105500,AE,0.000000,4179.403669,0.004132,0.000000,0.000000,3.787448,0.005830
ASB9,176,214,ENQQRACVKKLLESGADVNQGKGQDSPLHAVARTASEEL,,,37.000000,4177.105500,AE,0.500000,4190.182898,0.980045,10.779230,0.980054,3.775177,0.004651
ASB9,176,214,ENQQRACVKKLLESGADVNQGKGQDSPLHAVARTASEEL,,,37.000000,4177.105500,AE,1.000000,4190.619175,0.173172,11.215506,0.173221,3.786012,0.004586
ASB9,176,214,ENQQRACVKKLLESGADVNQGKGQDSPLHAVARTASEEL,,,37.000000,4177.105500,AE,2.000000,4190.253556,0.268282,10.849887,0.268313,3.780669,0.001769
ASB9,176,214,ENQQRACVKKLLESGADVNQGKGQDSPLHAVARTASEEL,,,37.000000,4177.105500,AECR,0.000000,4179.452017,0.005197,0.000000,0.000000,3.809044,0.000328
ASB9,176,214,ENQQRACVKKLLESGADVNQGKGQDSPLHAVARTASEEL,,,37.000000,4177.105500,AECR,0.250000,4189.081337,0.076643,9.629320,0.076819,3.812568,0.001584
ASB9,176,214,ENQQRACVKKLLESGADVNQGKGQDSPLHAVARTASEEL,,,37.000000,4177.105500,AECR,0.500000,4189.272341,0.278513,9.820325,0.278562,3.814719,0.001687
ASB9,176,214,ENQQRACVKKLLESGADVNQGKGQDSPLHAVARTASEEL,,,37.000000,4177.105500,AECR,0.750000,4189.596344,0.145425,10.144328,0.145518,3.821793,0.007792
ASB9,176,214,ENQQRACVKKLLESGADVNQGKGQDSPLHAVARTASEEL,,,37.000000,4177.105500,AECR,1.000000,4189.963426,0.231276,10.511410,0.231334,3.817754,0.003677
ASB9,176,214,ENQQRACVKKLLESGADVNQGKGQDSPLHAVARTASEEL,,,37.000000,4177.105500,AECR,2.000000,4190.342984,0.228832,10.890968,0.228891,3.817707,0.007362
ASB9,206,214,VARTASEEL,,,8.000000,975.510600,AE,0.000000,975.914874,0.019365,0.000000,0.000000,3.177275,0.006396
ASB9,206,214,VARTASEEL,,,8.000000,975.510600,AE,0.500000,980.053632,0.049110,4.138757,0.052790,3.187909,0.006421
ASB9,206,214,VARTASEEL,,,8.000000,975.510600,AE,1.000000,980.321532,0.065372,4.406658,0.068180,3.189673,0.002964
ASB9,206,214,VARTASEEL,,,8.000000,975.510600,AE,2.000000,980.252790,0.026137,4.337916,0.032529,3.175182,0.002405
ASB9,206,214,VARTASEEL,,,8.000000,975.510600,AECR,0.000000,975.899076,0.005496,0.000000,0.000000,3.046994,0.005671
ASB9,206,214,VARTASEEL,,,8.000000,975.510600,AECR,0.250000,979.860510,0.040129,3.961434,0.040503,3.043989,0.002485
ASB9,206,214,VARTASEEL,,,8.000000,975.510600,AECR,0.500000,980.109932,0.016495,4.210857,0.017387,3.046557,0.003608
ASB9,206,214,VARTASEEL,,,8.000000,975.510600,AECR,0.750000,980.355492,0.065802,4.456417,0.066031,3.041869,0.003157
ASB9,206,214,VARTASEEL,,,8.000000,975.510600,AECR,1.000000,980.482505,0.026266,4.583430,0.026834,3.050275,0.007372
ASB9,206,214,VARTASEEL,,,8.000000,975.510600,AECR,2.000000,980.519240,0.067987,4.620164,0.068209,3.057054,0.002634
ASB9,218,237,LMDFGADTQAKNAEGKRPVE,,,18.000000,2177.065500,AE,0.000000,2178.251206,0.005858,0.000000,0.000000,3.379905,0.003844
ASB9,218,237,LMDFGADTQAKNAEGKRPVE,,,18.000000,2177.065500,AE,0.500000,2184.357963,0.265897,6.106757,0.265961,3.386090,0.004930
ASB9,218,237,LMDFGADTQAKNAEGKRPVE,,,18.000000,2177.065500,AE,1.000000,2184.746558,0.036772,6.495352,0.037236,3.390015,0.002933
ASB9,218,237,LMDFGADTQAKNAEGKRPVE,,,18.000000,2177.065500,AE,2.000000,2184.580067,0.148218,6.328862,0.148333,3.377933,0.000744
ASB9,218,237,LMDFGADTQAKNAEGKRPVE,,,18.000000,2177.065500,AECR,0.000000,2178.244309,0.009866,0.000000,0.000000,3.298903,0.001877
ASB9,218,237,LMDFGADTQAKNAEGKRPVE,,,18.000000,2177.065500,AECR,0.250000,2183.573496,0.056978,5.329187,0.057826,3.305084,0.002985
ASB9,218,237,LMDFGADTQAKNAEGKRPVE,,,18.000000,2177.065500,AECR,0.500000,2184.088175,0.212334,5.843866,0.212563,3.312261,0.004133
ASB9,218,237,LMDFGADTQAKNAEGKRPVE,,,18.000000,2177.065500,AECR,0.750000,2184.421399,0.220795,6.177091,0.221015,3.306293,0.007935
ASB9,218,237,LMDFGADTQAKNAEGKRPVE,,,18.000000,2177.065500,AECR,1.000000,2184.506708,0.104297,6.262399,0.104762,3.312041,0.003670
ASB9,218,237,LMDFGADTQAKNAEGKRPVE,,,18.000000,2177.065500,AECR,2.000000,2184.926208,0.133604,6.681900,0.133967,3.316739,0.003076
ASB9,218,248,LMDFGADTQAKNAEGKRPVELVPPESPLAQL,,,26.000000,3321.714800,AE,0.000000,3323.634972,0.016109,0.000000,0.000000,4.130644,0.001402
ASB9,218,248,LMDFGADTQAKNAEGKRPVELVPPESPLAQL,,,26.000000,3321.714800,AE,0.500000,3333.209326,0.312690,9.574354,0.313104,4.131822,0.006217
ASB9,218,248,LMDFGADTQAKNAEGKRPVELVPPESPLAQL,,,26.000000,3321.714800,AE,1.000000,3333.903189,0.050251,10.268217,0.052769,4.136545,0.005800
ASB9,218,248,LMDFGADTQAKNAEGKRPVELVPPESPLAQL,,,26.000000,3321.714800,AE,2.000000,3333.651280,0.175026,10.016308,0.175766,4.139892,0.000509
ASB9,218,248,LMDFGADTQAKNAEGKRPVELVPPESPLAQL,,,26.000000,3321.714800,AECR,0.000000,3323.648106,0.011021,0.000000,0.000000,4.205082,0.006145
ASB9,218,248,LMDFGADTQAKNAEGKRPVELVPPESPLAQL,,,26.000000,3321.714800,AECR,0.250000,3332.276505,0.114530,8.628399,0.115059,4.231702,0.003682
ASB9,218,248,LMDFGADTQAKNAEGKRPVELVPPESPLAQL,,,26.000000,3321.714800,AECR,0.500000,3333.220013,0.225601,9.571907,0.225870,4.238796,0.004006
ASB9,218,248,LMDFGADTQAKNAEGKRPVELVPPESPLAQL,,,26.000000,3321.714800,AECR,0.750000,3333.746202,0.210658,10.098097,0.210946,4.239960,0.007073
ASB9,218,248,LMDFGADTQAKNAEGKRPVELVPPESPLAQL,,,26.000000,3321.714800,AECR,1.000000,3333.969925,0.083384,10.321819,0.084109,4.237614,0.006936
ASB9,218,248,LMDFGADTQAKNAEGKRPVELVPPESPLAQL,,,26.000000,3321.714800,AECR,2.000000,3334.435974,0.134491,10.787868,0.134942,4.227896,0.005153
ASB9,219,237,MDFGADTQAKNAEGKRPVE,,,17.000000,2063.981500,AE,0.000000,2065.115719,0.005280,0.000000,0.000000,3.123868,0.004352
ASB9,219,237,MDFGADTQAKNAEGKRPVE,,,17.000000,2063.981500,AE,0.500000,2071.300901,0.252932,6.185182,0.252988,3.128221,0.004205
ASB9,219,237,MDFGADTQAKNAEGKRPVE,,,17.000000,2063.981500,AE,1.000000,2071.677315,0.070826,6.561595,0.071023,3.131825,0.001902
ASB9,219,237,MDFGADTQAKNAEGKRPVE,,,17.000000,2063.981500,AE,2.000000,2071.525448,0.125729,6.409729,0.125839,3.122054,0.003195
ASB9,219,237,MDFGADTQAKNAEGKRPVE,,,17.000000,2063.981500,AECR,0.000000,2065.086520,0.005978,0.000000,0.000000,3.023215,0.004775
ASB9,219,237,MDFGADTQAKNAEGKRPVE,,,17.000000,2063.981500,AECR,0.250000,2070.420180,0.073939,5.333660,0.074180,3.022303,0.003568
ASB9,219,237,MDFGADTQAKNAEGKRPVE,,,17.000000,2063.981500,AECR,0.500000,2070.906949,0.142568,5.820428,0.142693,3.023167,0.002603
ASB9,219,237,MDFGADTQAKNAEGKRPVE,,,17.000000,2063.981500,AECR,0.750000,2071.264845,0.212236,6.178325,0.212321,3.018852,0.005497
ASB9,219,237,MDFGADTQAKNAEGKRPVE,,,17.000000,2063.981500,AECR,1.000000,2071.382495,0.096526,6.295975,0.096711,3.028004,0.005417
ASB9,219,237,MDFGADTQAKNAEGKRPVE,,,17.000000,2063.981500,AECR,2.000000,2071.711272,0.087777,6.624752,0.087980,3.031934,0.003779
ASB9,219,248,MDFGADTQAKNAEGKRPVELVPPESPLAQL,,,25.000000,3208.630700,AE,0.000000,3210.438465,0.005883,0.000000,0.000000,4.065953,0.003440
ASB9,219,248,MDFGADTQAKNAEGKRPVELVPPESPLAQL,,,25.000000,3208.630700,AE,0.500000,3220.060490,0.271880,9.622025,0.271943,4.068337,0.008418
ASB9,219,248,MDFGADTQAKNAEGKRPVELVPPESPLAQL,,,25.000000,3208.630700,AE,1.000000,3220.804111,0.109096,10.365646,0.109255,4.071698,0.004750
ASB9,219,248,MDFGADTQAKNAEGKRPVELVPPESPLAQL,,,25.000000,3208.630700,AE,2.000000,3220.541984,0.146490,10.103519,0.146608,4.070921,0.001706
ASB9,219,248,MDFGADTQAKNAEGKRPVELVPPESPLAQL,,,25.000000,3208.630700,AECR,0.000000,3210.467904,0.023718,0.000000,0.000000,4.121787,0.006043
ASB9,219,248,MDFGADTQAKNAEGKRPVELVPPESPLAQL,,,25.000000,3208.630700,AECR,0.250000,3219.114509,0.094592,8.646605,0.097520,4.145986,0.012763
ASB9,219,248,MDFGADTQAKNAEGKRPVELVPPESPLAQL,,,25.000000,3208.630700,AECR,0.500000,3220.020186,0.215270,9.552283,0.216573,4.154378,0.002792
ASB9,219,248,MDFGADTQAKNAEGKRPVELVPPESPLAQL,,,25.000000,3208.630700,AECR,0.750000,3220.509878,0.164849,10.041974,0.166547,4.153119,0.007883
ASB9,219,248,MDFGADTQAKNAEGKRPVELVPPESPLAQL,,,25.000000,3208.630700,AECR,1.000000,3220.881775,0.101870,10.413871,0.104595,4.151530,0.007156
ASB9,219,248,MDFGADTQAKNAEGKRPVELVPPESPLAQL,,,25.000000,3208.630700,AECR,2.000000,3221.315921,0.111681,10.848017,0.114172,4.149621,0.000949
ASB9,240,248,PPESPLAQL,,,5.000000,951.514600,AE,0.000000,951.841188,0.028575,0.000000,0.000000,4.295764,0.005963
ASB9,240,248,PPESPLAQL,,,5.000000,951.514600,AE,0.500000,955.421424,0.030239,3.580236,0.041604,4.293253,0.004231
ASB9,240,248,PPESPLAQL,,,5.000000,951.514600,AE,1.000000,955.617579,0.086845,3.776391,0.091426,4.297529,0.005197
ASB9,240,248,PPESPLAQL,,,5.000000,951.514600,AE,2.000000,955.446166,0.046689,3.604978,0.054740,4.296620,0.003225
ASB9,240,248,PPESPLAQL,,,5.000000,951.514600,AECR,0.000000,951.956318,0.032552,0.000000,0.000000,4.377876,0.003687
ASB9,240,248,PPESPLAQL,,,5.000000,951.514600,AECR,0.250000,955.204701,0.080534,3.248383,0.086865,4.399501,0.005098
ASB9,240,248,PPESPLAQL,,,5.000000,951.514600,AECR,0.500000,955.518302,0.058322,3.561984,0.066792,4.403500,0.003975
ASB9,240,248,PPESPLAQL,,,5.000000,951.514600,AECR,0.750000,955.609281,0.052072,3.652963,0.061410,4.405110,0.006854
ASB9,240,248,PPESPLAQL,,,5.000000,951.514600,AECR,1.000000,955.819653,0.053121,3.863335,0.062302,4.404526,0.005248
ASB9,240,248,PPESPLAQL,,,5.000000,951.514600,AECR,2.000000,955.856471,0.069907,3.900152,0.077115,4.394135,0.001278
ASB9,262,289,CRLRIRKCFGIQQHHKITKLVLPEDLKQ,,,26.000000,3400.929700,AE,0.000000,3402.979530,0.006401,0.000000,0.000000,3.371156,0.004929
ASB9,262,289,CRLRIRKCFGIQQHHKITKLVLPEDLKQ,,,26.000000,3400.929700,AE,0.500000,3410.179057,0.073824,7.199526,0.074101,3.371571,0.005693
ASB9,262,289,CRLRIRKCFGIQQHHKITKLVLPEDLKQ,,,26.000000,3400.929700,AE,1.000000,3410.742197,0.103972,7.762667,0.104169,3.376198,0.004848
ASB9,262,289,CRLRIRKCFGIQQHHKITKLVLPEDLKQ,,,26.000000,3400.929700,AE,2.000000,3410.827986,0.050398,7.848456,0.050803,3.357585,0.005403
ASB9,262,289,CRLRIRKCFGIQQHHKITKLVLPEDLKQ,,,26.000000,3400.929700,AECR,0.000000,3402.982094,0.012563,0.000000,0.000000,3.291615,0.004820
ASB9,262,289,CRLRIRKCFGIQQHHKITKLVLPEDLKQ,,,26.000000,3400.929700,AECR,0.250000,3409.430574,0.071999,6.448480,0.073087,3.298797,0.003493
ASB9,262,289,CRLRIRKCFGIQQHHKITKLVLPEDLKQ,,,26.000000,3400.929700,AECR,0.500000,3410.186475,0.139429,7.204382,0.139994,3.302532,0.006913
ASB9,262,289,CRLRIRKCFGIQQHHKITKLVLPEDLKQ,,,26.000000,3400.929700,AECR,0.750000,3410.309426,0.128071,7.327333,0.128686,3.297862,0.005758
ASB9,262,289,CRLRIRKCFGIQQHHKITKLVLPEDLKQ,,,26.000000,3400.929700,AECR,1.000000,3410.682768,0.078974,7.700674,0.079967,3.304001,0.004485
ASB9,262,289,CRLRIRKCFGIQQHHKITKLVLPEDLKQ,,,26.000000,3400.929700,AECR,2.000000,3411.176895,0.075596,8.194801,0.076633,3.310145,0.004781
ASB9,265,283,RIRKCFGIQQHHKITKLVL,,,18.000000,2318.375400,AE,0.000000,2319.669853,0.016111,0.000000,0.000000,3.226759,0.004686
ASB9,265,283,RIRKCFGIQQHHKITKLVL,,,18.000000,2318.375400,AE,0.500000,2325.741722,0.042364,6.071869,0.045324,3.241010,0.007561
ASB9,265,283,RIRKCFGIQQHHKITKLVL,,,18.000000,2318.375400,AE,1.000000,2326.221030,0.038762,6.551177,0.041977,3.245509,0.002664
ASB9,265,283,RIRKCFGIQQHHKITKLVL,,,18.000000,2318.375400,AE,2.000000,2326.058245,0.082462,6.388392,0.084021,3.230295,0.002218
ASB9,265,283,RIRKCFGIQQHHKITKLVL,,,18.000000,2318.375400,AECR,0.000000,2319.672826,0.016385,0.000000,0.000000,3.104418,0.008470
ASB9,265,283,RIRKCFGIQQHHKITKLVL,,,18.000000,2318.375400,AECR,0.250000,2325.365472,0.064829,5.692646,0.066867,3.114031,0.003016
ASB9,265,283,RIRKCFGIQQHHKITKLVL,,,18.000000,2318.375400,AECR,0.500000,2325.749942,0.052729,6.077116,0.055216,3.125384,0.006650
ASB9,265,283,RIRKCFGIQQHHKITKLVL,,,18.000000,2318.375400,AECR,0.750000,2326.000512,0.034615,6.327686,0.038297,3.114140,0.009026
ASB9,265,283,RIRKCFGIQQHHKITKLVL,,,18.000000,2318.375400,AECR,1.000000,2326.176345,0.028680,6.503519,0.033030,3.124005,0.004859
ASB9,265,283,RIRKCFGIQQHHKITKLVL,,,18.000000,2318.375400,AECR,2.000000,2326.427213,0.030848,6.754387,0.034929,3.130209,0.007172
ASB9,265,289,RIRKCFGIQQHHKITKLVLPEDLKQ,,,23.000000,3028.735300,AE,0.000000,3030.524323,0.012693,0.000000,0.000000,3.255644,0.003705
ASB9,265,289,RIRKCFGIQQHHKITKLVLPEDLKQ,,,23.000000,3028.735300,AE,0.500000,3037.865262,0.081348,7.340939,0.082332,3.262763,0.006556
ASB9,265,289,RIRKCFGIQQHHKITKLVLPEDLKQ,,,23.000000,3028.735300,AE,1.000000,3038.512942,0.040138,7.988619,0.042098,3.262788,0.001717
ASB9,265,289,RIRKCFGIQQHHKITKLVLPEDLKQ,,,23.000000,3028.735300,AE,2.000000,3038.523646,0.089123,7.999323,0.090023,3.252549,0.004262
ASB9,265,289,RIRKCFGIQQHHKITKLVLPEDLKQ,,,23.000000,3028.735300,AECR,0.000000,3030.543846,0.011129,0.000000,0.000000,3.157036,0.001783
ASB9,265,289,RIRKCFGIQQHHKITKLVLPEDLKQ,,,23.000000,3028.735300,AECR,0.250000,3037.251490,0.039884,6.707645,0.041407,3.156027,0.007412
ASB9,265,289,RIRKCFGIQQHHKITKLVLPEDLKQ,,,23.000000,3028.735300,AECR,0.500000,3037.818548,0.025098,7.274702,0.027455,3.161818,0.001169
ASB9,265,289,RIRKCFGIQQHHKITKLVLPEDLKQ,,,23.000000,3028.735300,AECR,0.750000,3038.072019,0.028400,7.528173,0.030503,3.162374,0.008498
ASB9,265,289,RIRKCFGIQQHHKITKLVLPEDLKQ,,,23.000000,3028.735300,AECR,1.000000,3038.387958,0.024144,7.844112,0.026586,3.164994,0.005567
ASB9,265,289,RIRKCFGIQQHHKITKLVLPEDLKQ,,,23.000000,3028.735300,AECR,2.000000,3038.876479,0.027938,8.332633,0.030073,3.172333,0.006306
ASB9,284,291,PEDLKQFL,,,6.000000,989.530200,AE,0.000000,989.980177,0.017979,0.000000,0.000000,4.102420,0.003767
ASB9,284,291,PEDLKQFL,,,6.000000,989.530200,AE,0.500000,990.789768,0.068133,0.809590,0.070465,4.108548,0.003315
ASB9,284,291,PEDLKQFL,,,6.000000,989.530200,AE,1.000000,991.058018,0.030575,1.077841,0.035469,4.109319,0.006076
ASB9,284,291,PEDLKQFL,,,6.000000,989.530200,AE,2.000000,991.328972,0.024216,1.348795,0.030161,4.108056,0.002781
ASB9,284,291,PEDLKQFL,,,6.000000,989.530200,AECR,0.000000,990.032371,0.010640,0.000000,0.000000,4.143902,0.004012
ASB9,284,291,PEDLKQFL,,,6.000000,989.530200,AECR,0.250000,990.469345,0.039513,0.436973,0.040920,4.163099,0.007781
ASB9,284,291,PEDLKQFL,,,6.000000,989.530200,AECR,0.500000,990.556433,0.051760,0.524062,0.052842,4.171328,0.003605
ASB9,284,291,PEDLKQFL,,,6.000000,989.530200,AECR,0.750000,990.691752,0.094201,0.659381,0.094800,4.173592,0.007830
ASB9,284,291,PEDLKQFL,,,6.000000,989.530200,AECR,1.000000,990.828125,0.075402,0.795754,0.076149,4.170105,0.003135
ASB9,284,291,PEDLKQFL,,,6.000000,989.530200,AECR,2.000000,991.066586,0.025323,1.034215,0.027467,4.164324,0.004083
ELOB,5,16,LMIRRHKTTIFT,,,11.000000,1516.878100,AE,0.000000,1517.718814,0.012242,0.000000,0.000000,3.169523,0.005518
ELOB,5,16,LMIRRHKTTIFT,,,11.000000,1516.878100,AE,0.500000,1518.261716,0.010999,0.542902,0.016457,3.190369,0.005923
ELOB,5,16,LMIRRHKTTIFT,,,11.000000,1516.878100,AE,1.000000,1518.320260,0.032521,0.601446,0.034749,3.194445,0.003112
ELOB,5,16,LMIRRHKTTIFT,,,11.000000,1516.878100,AE,2.000000,1518.241494,0.029070,0.522680,0.031542,3.180979,0.003010
ELOB,5,16,LMIRRHKTTIFT,,,11.000000,1516.878100,AECR,0.000000,1517.708901,0.010447,0.000000,0.000000,3.048775,0.005469
ELOB,5,16,LMIRRHKTTIFT,,,11.000000,1516.878100,AECR,0.250000,1518.243376,0.029888,0.534475,0.031661,3.057678,0.001652
ELOB,5,16,LMIRRHKTTIFT,,,11.000000,1516.878100,AECR,0.500000,1517.970628,0.069500,0.261727,0.070281,3.062830,0.005680
ELOB,5,16,LMIRRHKTTIFT,,,11.000000,1516.878100,AECR,0.750000,1518.008490,0.128834,0.299589,0.129257,3.057196,0.004642
ELOB,5,16,LMIRRHKTTIFT,,,11.000000,1516.878100,AECR,1.000000,1518.132475,0.114617,0.423574,0.115092,3.065736,0.006564
ELOB,5,16,LMIRRHKTTIFT,,,11.000000,1516.878100,AECR,2.000000,1518.146430,0.117184,0.437529,0.117648,3.072057,0.005332
ELOB,5,18,LMIRRHKTTIFTDA,,,13.000000,1702.942100,AE,0.000000,1703.871336,0.011998,0.000000,0.000000,3.276303,0.007638
ELOB,5,18,LMIRRHKTTIFTDA,,,13.000000,1702.942100,AE,0.500000,1704.879900,0.035819,1.008564,0.037775,3.294111,0.005808
ELOB,5,18,LMIRRHKTTIFTDA,,,13.000000,1702.942100,AE,1.000000,1704.975952,0.052709,1.104617,0.054057,3.292382,0.003871
ELOB,5,18,LMIRRHKTTIFTDA,,,13.000000,1702.942100,AE,2.000000,1704.857977,0.061358,0.986642,0.062520,3.279013,0.001951
ELOB,5,18,LMIRRHKTTIFTDA,,,13.000000,1702.942100,AECR,0.000000,1703.896823,0.005619,0.000000,0.000000,3.155645,0.007396
ELOB,5,18,LMIRRHKTTIFTDA,,,13.000000,1702.942100,AECR,0.250000,1705.061783,0.171925,1.164961,0.172016,3.235641,0.064263
ELOB,5,18,LMIRRHKTTIFTDA,,,13.000000,1702.942100,AECR,0.500000,1704.857102,0.057640,0.960279,0.057913,3.166326,0.001305
ELOB,5,18,LMIRRHKTTIFTDA,,,13.000000,1702.942100,AECR,0.750000,1704.920729,0.079456,1.023907,0.079654,3.165832,0.008735
ELOB,5,18,LMIRRHKTTIFTDA,,,13.000000,1702.942100,AECR,1.000000,1704.777591,0.135131,0.880768,0.135247,3.169306,0.008003
ELOB,5,18,LMIRRHKTTIFTDA,,,13.000000,1702.942100,AECR,2.000000,1704.793956,0.034852,0.897134,0.035302,3.176154,0.003922
ELOB,6,25,MIRRHKTTIFTDAKESSTVF,,,19.000000,2368.244200,AE,0.000000,2369.526527,0.016097,0.000000,0.000000,3.433988,0.004280
ELOB,6,25,MIRRHKTTIFTDAKESSTVF,,,19.000000,2368.244200,AE,0.500000,2373.194063,0.078603,3.667536,0.080234,3.442827,0.005085
ELOB,6,25,MIRRHKTTIFTDAKESSTVF,,,19.000000,2368.244200,AE,1.000000,2373.594619,0.086135,4.068091,0.087626,3.447937,0.003849
ELOB,6,25,MIRRHKTTIFTDAKESSTVF,,,19.000000,2368.244200,AE,2.000000,2373.665403,0.054856,4.138876,0.057169,3.439441,0.001162
ELOB,6,25,MIRRHKTTIFTDAKESSTVF,,,19.000000,2368.244200,AECR,0.000000,2369.555208,0.019698,0.000000,0.000000,3.380007,0.008231
ELOB,6,25,MIRRHKTTIFTDAKESSTVF,,,19.000000,2368.244200,AECR,0.250000,2373.340057,0.043851,3.784849,0.048072,3.389609,0.004096
ELOB,6,25,MIRRHKTTIFTDAKESSTVF,,,19.000000,2368.244200,AECR,0.500000,2373.470973,0.042676,3.915765,0.047002,3.393395,0.002204
ELOB,6,25,MIRRHKTTIFTDAKESSTVF,,,19.000000,2368.244200,AECR,0.750000,2373.662247,0.118488,4.107039,0.120114,3.388539,0.006865
ELOB,6,25,MIRRHKTTIFTDAKESSTVF,,,19.000000,2368.244200,AECR,1.000000,2373.824038,0.099946,4.268830,0.101869,3.394511,0.004037
ELOB,6,25,MIRRHKTTIFTDAKESSTVF,,,19.000000,2368.244200,AECR,2.000000,2373.965785,0.091429,4.410577,0.093526,3.402230,0.005461
ELOB,26,32,ELKRIVE,,,6.000000,886.535600,AE,0.000000,886.903713,0.015361,0.000000,0.000000,2.891017,0.007030
ELOB,26,32,ELKRIVE,,,6.000000,886.535600,AE,0.500000,887.192337,0.013848,0.288625,0.020682,2.917021,0.003929
ELOB,26,32,ELKRIVE,,,6.000000,886.535600,AE,1.000000,887.264389,0.007438,0.360676,0.017067,2.924181,0.004442
ELOB,26,32,ELKRIVE,,,6.000000,886.535600,AE,2.000000,887.307878,0.012016,0.404165,0.019503,2.907416,0.001614
ELOB,26,32,ELKRIVE,,,6.000000,886.535600,AECR,0.000000,886.914889,0.009072,0.000000,0.000000,2.780472,0.005998
ELOB,26,32,ELKRIVE,,,6.000000,886.535600,AECR,0.250000,887.210208,0.013254,0.295320,0.016061,2.785597,0.003593
ELOB,26,32,ELKRIVE,,,6.000000,886.535600,AECR,0.500000,887.261177,0.024987,0.346288,0.026582,2.787158,0.002475
ELOB,26,32,ELKRIVE,,,6.000000,886.535600,AECR,0.750000,887.302007,0.005382,0.387118,0.010548,2.784019,0.003487
ELOB,26,32,ELKRIVE,,,6.000000,886.535600,AECR,1.000000,887.322299,0.015289,0.407410,0.017778,2.793657,0.009882
ELOB,26,32,ELKRIVE,,,6.000000,886.535600,AECR,2.000000,887.411763,0.028193,0.496874,0.029617,2.798128,0.002877
ELOB,26,41,ELKRIVEGILKRPPDE,,,13.000000,1892.096400,AE,0.000000,1893.032180,0.038987,0.000000,0.000000,3.627422,0.002928
ELOB,26,41,ELKRIVEGILKRPPDE,,,13.000000,1892.096400,AE,0.500000,1894.322577,0.082009,1.290397,0.090805,3.630432,0.007300
ELOB,26,41,ELKRIVEGILKRPPDE,,,13.000000,1892.096400,AE,1.000000,1894.746738,0.186808,1.714558,0.190833,3.636419,0.002484
ELOB,26,41,ELKRIVEGILKRPPDE,,,13.000000,1892.096400,AE,2.000000,1895.018252,0.121704,1.986071,0.127796,3.629723,0.002402
ELOB,26,41,ELKRIVEGILKRPPDE,,,13.000000,1892.096400,AECR,0.000000,1893.084120,0.063707,0.000000,0.000000,3.634307,0.000916
ELOB,26,41,ELKRIVEGILKRPPDE,,,13.000000,1892.096400,AECR,0.250000,1894.266825,0.100489,1.182705,0.118982,3.640163,0.006943
ELOB,26,41,ELKRIVEGILKRPPDE,,,13.000000,1892.096400,AECR,0.500000,1894.647288,0.059073,1.563167,0.086880,3.647929,0.004342
ELOB,26,41,ELKRIVEGILKRPPDE,,,13.000000,1892.096400,AECR,0.750000,1894.859516,0.071529,1.775395,0.095786,3.643306,0.006828
ELOB,26,41,ELKRIVEGILKRPPDE,,,13.000000,1892.096400,AECR,1.000000,1894.934201,0.023902,1.850081,0.068043,3.646580,0.003190
ELOB,26,41,ELKRIVEGILKRPPDE,,,13.000000,1892.096400,AECR,2.000000,1895.267794,0.017122,2.183674,0.065968,3.648259,0.002961
ELOB,26,44,ELKRIVEGILKRPPDEQRL,,,16.000000,2289.340100,AE,0.000000,2290.615303,0.015052,0.000000,0.000000,3.689140,0.000812
ELOB,26,44,ELKRIVEGILKRPPDEQRL,,,16.000000,2289.340100,AE,0.500000,2292.368463,0.057075,1.753160,0.059026,3.696008,0.010517
ELOB,26,44,ELKRIVEGILKRPPDEQRL,,,16.000000,2289.340100,AE,1.000000,2292.785575,0.059818,2.170272,0.061683,3.697268,0.001683
ELOB,26,44,ELKRIVEGILKRPPDEQRL,,,16.000000,2289.340100,AE,2.000000,2293.067539,0.005279,2.452235,0.015951,3.690542,0.003558
ELOB,26,44,ELKRIVEGILKRPPDEQRL,,,16.000000,2289.340100,AECR,0.000000,2290.619207,0.017149,0.000000,0.000000,3.703674,0.004869
ELOB,26,44,ELKRIVEGILKRPPDEQRL,,,16.000000,2289.340100,AECR,0.250000,2292.321320,0.040053,1.702113,0.043570,3.713107,0.006384
ELOB,26,44,ELKRIVEGILKRPPDEQRL,,,16.000000,2289.340100,AECR,0.500000,2292.631351,0.066120,2.012144,0.068308,3.714611,0.002172
ELOB,26,44,ELKRIVEGILKRPPDEQRL,,,16.000000,2289.340100,AECR,0.750000,2292.805154,0.065517,2.185948,0.067724,3.718010,0.010049
ELOB,26,44,ELKRIVEGILKRPPDEQRL,,,16.000000,2289.340100,AECR,1.000000,2293.012272,0.042695,2.393065,0.046010,3.715130,0.001428
ELOB,26,44,ELKRIVEGILKRPPDEQRL,,,16.000000,2289.340100,AECR,2.000000,2293.391465,0.083071,2.772258,0.084823,3.716974,0.004703
ELOB,33,41,GILKRPPDE,,,6.000000,1024.578600,AE,0.000000,1025.072689,0.010011,0.000000,0.000000,2.879926,0.008435
ELOB,33,41,GILKRPPDE,,,6.000000,1024.578600,AE,0.500000,1025.857396,0.040331,0.784707,0.041555,2.912301,0.003404
ELOB,33,41,GILKRPPDE,,,6.000000,1024.578600,AE,1.000000,1025.970982,0.031616,0.898293,0.033164,2.917673,0.001519
ELOB,33,41,GILKRPPDE,,,6.000000,1024.578600,AE,2.000000,1026.006368,0.055861,0.933679,0.056751,2.902872,0.000934
ELOB,33,41,GILKRPPDE,,,6.000000,1024.578600,AECR,0.000000,1025.036316,0.013451,0.000000,0.000000,2.771318,0.005233
ELOB,33,41,GILKRPPDE,,,6.000000,1024.578600,AECR,0.250000,1025.840875,0.025723,0.804559,0.029027,2.785228,0.004073
ELOB,33,41,GILKRPPDE,,,6.000000,1024.578600,AECR,0.500000,1025.832846,0.109390,0.796530,0.110214,2.784739,0.002231
ELOB,33,41,GILKRPPDE,,,6.000000,1024.578600,AECR,0.750000,1025.886516,0.068819,0.850200,0.070121,2.783178,0.002105
ELOB,33,41,GILKRPPDE,,,6.000000,1024.578600,AECR,1.000000,1025.940403,0.106609,0.904087,0.107454,2.793893,0.010434
ELOB,33,41,GILKRPPDE,,,6.000000,1024.578600,AECR,2.000000,1025.945936,0.058592,0.909621,0.060116,2.795806,0.003014
ELOB,33,44,GILKRPPDEQRL,,,9.000000,1421.822300,AE,0.000000,1422.626384,0.007127,0.000000,0.000000,3.151551,0.004698
ELOB,33,44,GILKRPPDEQRL,,,9.000000,1421.822300,AE,0.500000,1423.682523,0.021076,1.056139,0.022248,3.162665,0.005452
ELOB,33,44,GILKRPPDEQRL,,,9.000000,1421.822300,AE,1.000000,1423.856852,0.021688,1.230468,0.022829,3.165096,0.003104
ELOB,33,44,GILKRPPDEQRL,,,9.000000,1421.822300,AE,2.000000,1423.933022,0.017630,1.306638,0.019016,3.155145,0.001829
ELOB,33,44,GILKRPPDEQRL,,,9.000000,1421.822300,AECR,0.000000,1422.619589,0.002849,0.000000,0.000000,3.040416,0.004468
ELOB,33,44,GILKRPPDEQRL,,,9.000000,1421.822300,AECR,0.250000,1423.706309,0.031978,1.086720,0.032104,3.043182,0.001282
ELOB,33,44,GILKRPPDEQRL,,,9.000000,1421.822300,AECR,0.500000,1423.736185,0.049638,1.116596,0.049720,3.046861,0.003058
ELOB,33,44,GILKRPPDEQRL,,,9.000000,1421.822300,AECR,0.750000,1423.837084,0.048738,1.217495,0.048821,3.042820,0.004085
ELOB,33,44,GILKRPPDEQRL,,,9.000000,1421.822300,AECR,1.000000,1423.897674,0.027772,1.278084,0.027918,3.051827,0.006237
ELOB,33,44,GILKRPPDEQRL,,,9.000000,1421.822300,AECR,2.000000,1424.081011,0.054959,1.461421,0.055033,3.055116,0.004501
ELOB,34,44,ILKRPPDEQRL,,,8.000000,1364.800900,AE,0.000000,1365.451736,0.016481,0.000000,0.000000,2.916698,0.005251
ELOB,34,44,ILKRPPDEQRL,,,8.000000,1364.800900,AE,0.500000,1366.649768,0.022946,1.198032,0.028252,2.936320,0.001988
ELOB,34,44,ILKRPPDEQRL,,,8.000000,1364.800900,AE,1.000000,1366.820282,0.015652,1.368546,0.022729,2.938210,0.004220
ELOB,34,44,ILKRPPDEQRL,,,8.000000,1364.800900,AE,2.000000,1366.842191,0.009370,1.390456,0.018958,2.924624,0.001171
ELOB,34,44,ILKRPPDEQRL,,,8.000000,1364.800900,AECR,0.000000,1365.505445,0.027463,0.000000,0.000000,2.804552,0.004221
ELOB,34,44,ILKRPPDEQRL,,,8.000000,1364.800900,AECR,0.250000,1366.630622,0.012284,1.125177,0.030085,2.811568,0.003417
ELOB,34,44,ILKRPPDEQRL,,,8.000000,1364.800900,AECR,0.500000,1366.685301,0.047701,1.179856,0.055042,2.814025,0.002068
ELOB,34,44,ILKRPPDEQRL,,,8.000000,1364.800900,AECR,0.750000,1366.756336,0.065731,1.250892,0.071238,2.811785,0.003629
ELOB,34,44,ILKRPPDEQRL,,,8.000000,1364.800900,AECR,1.000000,1366.824929,0.052581,1.319485,0.059321,2.816577,0.007688
ELOB,34,44,ILKRPPDEQRL,,,8.000000,1364.800900,AECR,2.000000,1367.004872,0.082635,1.499427,0.087079,2.824651,0.001918
ELOB,35,44,LKRPPDEQRL,,,7.000000,1251.716800,AE,0.000000,1252.307451,0.008529,0.000000,0.000000,3.152793,0.004553
ELOB,35,44,LKRPPDEQRL,,,7.000000,1251.716800,AE,0.500000,1253.382341,0.024863,1.074890,0.026286,3.163696,0.006037
ELOB,35,44,LKRPPDEQRL,,,7.000000,1251.716800,AE,1.000000,1253.498363,0.062200,1.190912,0.062782,3.168489,0.002735
ELOB,35,44,LKRPPDEQRL,,,7.000000,1251.716800,AE,2.000000,1253.573020,0.008474,1.265569,0.012023,3.156149,0.002842
ELOB,35,44,LKRPPDEQRL,,,7.000000,1251.716800,AECR,0.000000,1252.294906,0.010633,0.000000,0.000000,3.040696,0.005050
ELOB,35,44,LKRPPDEQRL,,,7.000000,1251.716800,AECR,0.250000,1253.344146,0.010361,1.049240,0.014846,3.043753,0.000457
ELOB,35,44,LKRPPDEQRL,,,7.000000,1251.716800,AECR,0.500000,1253.351599,0.059539,1.056693,0.060481,3.045681,0.003350
ELOB,35,44,LKRPPDEQRL,,,7.000000,1251.716800,AECR,0.750000,1253.460961,0.046086,1.166056,0.047297,3.040165,0.005745
ELOB,35,44,LKRPPDEQRL,,,7.000000,1251.716800,AECR,1.000000,1253.496382,0.018257,1.201476,0.021128,3.050623,0.005865
ELOB,35,44,LKRPPDEQRL,,,7.000000,1251.716800,AECR,2.000000,1253.641165,0.062312,1.346259,0.063213,3.052973,0.004503
ELOB,45,62,YKDDQLLDDGKTLGECGF,,,17.000000,2016.921900,AE,0.000000,2018.110438,0.007627,0.000000,0.000000,4.111351,0.003219
ELOB,45,62,YKDDQLLDDGKTLGECGF,,,17.000000,2016.921900,AE,0.500000,2022.385634,0.034291,4.275196,0.035128,4.111463,0.007039
ELOB,45,62,YKDDQLLDDGKTLGECGF,,,17.000000,2016.921900,AE,1.000000,2022.573948,0.045727,4.463510,0.046359,4.117044,0.004282
ELOB,45,62,YKDDQLLDDGKTLGECGF,,,17.000000,2016.921900,AE,2.000000,2022.317404,0.062753,4.206967,0.063215,4.116775,0.005949
ELOB,45,62,YKDDQLLDDGKTLGECGF,,,17.000000,2016.921900,AECR,0.000000,2017.924405,0.081176,0.000000,0.000000,4.173360,0.001095
ELOB,45,62,YKDDQLLDDGKTLGECGF,,,17.000000,2016.921900,AECR,0.250000,2022.304324,0.026739,4.379919,0.085466,4.191511,0.003629
ELOB,45,62,YKDDQLLDDGKTLGECGF,,,17.000000,2016.921900,AECR,0.500000,2022.337799,0.147195,4.413394,0.168095,4.203150,0.004673
ELOB,45,62,YKDDQLLDDGKTLGECGF,,,17.000000,2016.921900,AECR,0.750000,2022.361436,0.098452,4.437031,0.127602,4.200130,0.005099
ELOB,45,62,YKDDQLLDDGKTLGECGF,,,17.000000,2016.921900,AECR,1.000000,2022.347129,0.030099,4.422724,0.086576,4.196251,0.007529
ELOB,45,62,YKDDQLLDDGKTLGECGF,,,17.000000,2016.921900,AECR,2.000000,2022.445805,0.073314,4.521400,0.109382,4.189403,0.005494
ELOB,51,62,LDDGKTLGECGF,,,11.000000,1254.567100,AE,0.000000,1255.302393,0.007456,0.000000,0.000000,4.021623,0.002861
ELOB,51,62,LDDGKTLGECGF,,,11.000000,1254.567100,AE,0.500000,1257.543860,0.011471,2.241467,0.013681,4.020006,0.004262
ELOB,51,62,LDDGKTLGECGF,,,11.000000,1254.567100,AE,1.000000,1257.662676,0.059706,2.360284,0.060170,4.024964,0.002456
ELOB,51,62,LDDGKTLGECGF,,,11.000000,1254.567100,AE,2.000000,1257.591912,0.040970,2.289519,0.041643,4.022741,0.000650
ELOB,51,62,LDDGKTLGECGF,,,11.000000,1254.567100,AECR,0.000000,1255.268719,0.013183,0.000000,0.000000,4.033154,0.004291
ELOB,51,62,LDDGKTLGECGF,,,11.000000,1254.567100,AECR,0.250000,1257.629102,0.026861,2.360383,0.029921,4.042097,0.007331
ELOB,51,62,LDDGKTLGECGF,,,11.000000,1254.567100,AECR,0.500000,1257.687695,0.040614,2.418976,0.042700,4.050211,0.000807
ELOB,51,62,LDDGKTLGECGF,,,11.000000,1254.567100,AECR,0.750000,1257.758228,0.008247,2.489509,0.015550,4.049922,0.002609
ELOB,51,62,LDDGKTLGECGF,,,11.000000,1254.567100,AECR,1.000000,1257.782236,0.024993,2.513517,0.028256,4.048016,0.001543
ELOB,51,62,LDDGKTLGECGF,,,11.000000,1254.567100,AECR,2.000000,1257.876264,0.074269,2.607545,0.075430,4.049915,0.002205
ELOB,51,77,LDDGKTLGECGFTSQTARPQAPATVGL,,,24.000000,2733.351200,AE,0.000000,2734.843437,0.028506,0.000000,0.000000,3.810228,0.002818
ELOB,51,77,LDDGKTLGECGFTSQTARPQAPATVGL,,,24.000000,2733.351200,AE,0.500000,2741.498049,0.176459,6.654611,0.178746,3.811967,0.005228
ELOB,51,77,LDDGKTLGECGFTSQTARPQAPATVGL,,,24.000000,2733.351200,AE,1.000000,2742.073624,0.061128,7.230187,0.067448,3.815997,0.004096
ELOB,51,77,LDDGKTLGECGFTSQTARPQAPATVGL,,,24.000000,2733.351200,AE,2.000000,2741.892824,0.087139,7.049387,0.091683,3.815305,0.001062
ELOB,51,77,LDDGKTLGECGFTSQTARPQAPATVGL,,,24.000000,2733.351200,AECR,0.000000,2734.894495,0.028935,0.000000,0.000000,3.823764,0.001232
ELOB,51,77,LDDGKTLGECGFTSQTARPQAPATVGL,,,24.000000,2733.351200,AECR,0.250000,2741.720836,0.330773,6.826341,0.332037,3.836409,0.006777
ELOB,51,77,LDDGKTLGECGFTSQTARPQAPATVGL,,,24.000000,2733.351200,AECR,0.500000,2742.137236,0.136975,7.242741,0.139998,3.836377,0.003195
ELOB,51,77,LDDGKTLGECGFTSQTARPQAPATVGL,,,24.000000,2733.351200,AECR,0.750000,2742.815816,0.019394,7.921321,0.034833,3.844457,0.002391
ELOB,51,77,LDDGKTLGECGFTSQTARPQAPATVGL,,,24.000000,2733.351200,AECR,1.000000,2742.658600,0.085702,7.764105,0.090455,3.844248,0.007792
ELOB,51,77,LDDGKTLGECGFTSQTARPQAPATVGL,,,24.000000,2733.351200,AECR,2.000000,2742.968695,0.061422,8.074200,0.067896,3.839849,0.005990
ELOB,63,74,TSQTARPQAPAT,,,9.000000,1228.628000,AE,0.000000,1229.197809,0.010909,0.000000,0.000000,2.365123,0.003599
ELOB,63,74,TSQTARPQAPAT,,,9.000000,1228.628000,AE,0.500000,1232.312663,0.030841,3.114855,0.032713,2.371866,0.003424
ELOB,63,74,TSQTARPQAPAT,,,9.000000,1228.628000,AE,1.000000,1232.641992,0.024820,3.444183,0.027112,2.358233,0.009769
ELOB,63,74,TSQTARPQAPAT,,,9.000000,1228.628000,AE,2.000000,1232.784885,0.055709,3.587076,0.056767,2.337911,0.004642
ELOB,63,74,TSQTARPQAPAT,,,9.000000,1228.628000,AECR,0.000000,1229.217554,0.016248,0.000000,0.000000,2.109146,0.004745
ELOB,63,74,TSQTARPQAPAT,,,9.000000,1228.628000,AECR,0.250000,1232.301907,0.021444,3.084354,0.026904,2.074515,0.006508
ELOB,63,74,TSQTARPQAPAT,,,9.000000,1228.628000,AECR,0.500000,1232.514891,0.039614,3.297337,0.042816,2.065685,0.007406
ELOB,63,74,TSQTARPQAPAT,,,9.000000,1228.628000,AECR,0.750000,1232.760342,0.029234,3.542788,0.033446,2.062401,0.004698
ELOB,63,74,TSQTARPQAPAT,,,9.000000,1228.628000,AECR,1.000000,1232.943738,0.026181,3.726184,0.030813,2.070388,0.015590
ELOB,63,74,TSQTARPQAPAT,,,9.000000,1228.628000,AECR,2.000000,1233.269351,0.088398,4.051797,0.089879,2.091711,0.006876
ELOB,63,76,TSQTARPQAPATVG,,,11.000000,1384.717900,AE,0.000000,1385.374315,0.005909,0.000000,0.000000,2.436732,0.004557
ELOB,63,76,TSQTARPQAPATVG,,,11.000000,1384.717900,AE,0.500000,1388.568453,0.025782,3.194139,0.026450,2.438818,0.000977
ELOB,63,76,TSQTARPQAPATVG,,,11.000000,1384.717900,AE,1.000000,1388.902902,0.048891,3.528588,0.049247,2.430398,0.003542
ELOB,63,76,TSQTARPQAPATVG,,,11.000000,1384.717900,AE,2.000000,1389.017160,0.027182,3.642845,0.027817,2.406865,0.004752
ELOB,63,76,TSQTARPQAPATVG,,,11.000000,1384.717900,AECR,0.000000,1385.406016,0.016948,0.000000,0.000000,2.585042,0.003732
ELOB,63,76,TSQTARPQAPATVG,,,11.000000,1384.717900,AECR,0.250000,1388.524451,0.033336,3.118436,0.037397,2.582751,0.001824
ELOB,63,76,TSQTARPQAPATVG,,,11.000000,1384.717900,AECR,0.500000,1388.765328,0.046847,3.359312,0.049818,2.585973,0.003048
ELOB,63,76,TSQTARPQAPATVG,,,11.000000,1384.717900,AECR,0.750000,1388.908492,0.068873,3.502477,0.070927,2.582135,0.002942
ELOB,63,76,TSQTARPQAPATVG,,,11.000000,1384.717900,AECR,1.000000,1389.126300,0.024518,3.720285,0.029805,2.587076,0.009415
ELOB,63,76,TSQTARPQAPATVG,,,11.000000,1384.717900,AECR,2.000000,1389.508838,0.020015,4.102822,0.026226,2.591851,0.001338
ELOB,63,78,TSQTARPQAPATVGLA,,,13.000000,1568.839100,AE,0.000000,1569.620508,0.009307,0.000000,0.000000,3.314763,0.004740
ELOB,63,78,TSQTARPQAPATVGLA,,,13.000000,1568.839100,AE,0.500000,1572.698100,0.059835,3.077592,0.060554,3.318387,0.003121
ELOB,63,78,TSQTARPQAPATVGLA,,,13.000000,1568.839100,AE,1.000000,1573.040915,0.076266,3.420407,0.076832,3.319627,0.003436
ELOB,63,78,TSQTARPQAPATVGLA,,,13.000000,1568.839100,AE,2.000000,1573.178684,0.044792,3.558176,0.045748,3.309480,0.001083
ELOB,63,78,TSQTARPQAPATVGLA,,,13.000000,1568.839100,AECR,0.000000,1569.621413,0.017487,0.000000,0.000000,3.207049,0.010189
ELOB,63,78,TSQTARPQAPATVGLA,,,13.000000,1568.839100,AECR,0.250000,1572.761895,0.049003,3.140482,0.052030,3.205689,0.000955
ELOB,63,78,TSQTARPQAPATVGLA,,,13.000000,1568.839100,AECR,0.500000,1572.975458,0.047802,3.354045,0.050901,3.211991,0.002715
ELOB,63,78,TSQTARPQAPATVGLA,,,13.000000,1568.839100,AECR,0.750000,1573.154096,0.025507,3.532683,0.030926,3.207634,0.006688
ELOB,63,78,TSQTARPQAPATVGLA,,,13.000000,1568.839100,AECR,1.000000,1573.374791,0.023682,3.753378,0.029439,3.214932,0.006334
ELOB,63,78,TSQTARPQAPATVGLA,,,13.000000,1568.839100,AECR,2.000000,1573.722682,0.032819,4.101269,0.037188,3.221076,0.004694
ELOB,63,79,TSQTARPQAPATVGLAF,,,14.000000,1715.907500,AE,0.000000,1716.743916,0.025963,0.000000,0.000000,4.025360,0.001311
ELOB,63,79,TSQTARPQAPATVGLAF,,,14.000000,1715.907500,AE,0.500000,1719.841814,0.057770,3.097898,0.063336,4.026828,0.003795
ELOB,63,79,TSQTARPQAPATVGLAF,,,14.000000,1715.907500,AE,1.000000,1720.219890,0.087085,3.475974,0.090873,4.030361,0.004898
ELOB,63,79,TSQTARPQAPATVGLAF,,,14.000000,1715.907500,AE,2.000000,1720.546249,0.063940,3.802333,0.069010,4.028698,0.001883
ELOB,63,79,TSQTARPQAPATVGLAF,,,14.000000,1715.907500,AECR,0.000000,1716.773495,0.043063,0.000000,0.000000,4.043011,0.006195
ELOB,63,79,TSQTARPQAPATVGLAF,,,14.000000,1715.907500,AECR,0.250000,1719.827285,0.071171,3.053790,0.083185,4.061910,0.012083
ELOB,63,79,TSQTARPQAPATVGLAF,,,14.000000,1715.907500,AECR,0.500000,1720.052726,0.036263,3.279231,0.056298,4.062906,0.003897
ELOB,63,79,TSQTARPQAPATVGLAF,,,14.000000,1715.907500,AECR,0.750000,1720.233853,0.016610,3.460359,0.046155,4.062559,0.005648
ELOB,63,79,TSQTARPQAPATVGLAF,,,14.000000,1715.907500,AECR,1.000000,1720.477851,0.073954,3.704357,0.085578,4.061424,0.000736
ELOB,63,79,TSQTARPQAPATVGLAF,,,14.000000,1715.907500,AECR,2.000000,1721.054098,0.091385,4.280604,0.101023,4.063521,0.003262
ELOB,77,85,LAFRADDTF,,,8.000000,1055.515600,AE,0.000000,1056.005368,0.003486,0.000000,0.000000,3.948822,0.002910
ELOB,77,85,LAFRADDTF,,,8.000000,1055.515600,AE,0.500000,1059.369940,0.045824,3.364572,0.045956,3.954453,0.009806
ELOB,77,85,LAFRADDTF,,,8.000000,1055.515600,AE,1.000000,1059.482081,0.049957,3.476713,0.050078,3.967378,0.003995
ELOB,77,85,LAFRADDTF,,,8.000000,1055.515600,AE,2.000000,1059.354726,0.052093,3.349359,0.052210,3.959298,0.005172
ELOB,77,85,LAFRADDTF,,,8.000000,1055.515600,AECR,0.000000,1056.222037,0.023028,0.000000,0.000000,3.961138,0.007883
ELOB,77,85,LAFRADDTF,,,8.000000,1055.515600,AECR,0.250000,1059.497954,0.053058,3.275917,0.057840,3.973140,0.008206
ELOB,77,85,LAFRADDTF,,,8.000000,1055.515600,AECR,0.500000,1059.623551,0.040522,3.401515,0.046608,3.982152,0.005321
ELOB,77,85,LAFRADDTF,,,8.000000,1055.515600,AECR,0.750000,1059.765021,0.049074,3.542984,0.054208,3.978032,0.007541
ELOB,77,85,LAFRADDTF,,,8.000000,1055.515600,AECR,1.000000,1059.879358,0.028908,3.657321,0.036959,3.980504,0.005205
ELOB,77,85,LAFRADDTF,,,8.000000,1055.515600,AECR,2.000000,1059.868060,0.009588,3.646023,0.024944,3.984196,0.003458
ELOB,78,85,AFRADDTF,,,7.000000,942.431600,AE,0.000000,942.862549,0.005826,0.000000,0.000000,3.722537,0.005569
ELOB,78,85,AFRADDTF,,,7.000000,942.431600,AE,0.500000,945.885441,0.025850,3.022892,0.026498,3.723277,0.007342
ELOB,78,85,AFRADDTF,,,7.000000,942.431600,AE,1.000000,945.906993,0.027976,3.044444,0.028576,3.729097,0.003329
ELOB,78,85,AFRADDTF,,,7.000000,942.431600,AE,2.000000,945.598442,0.032868,2.735894,0.033380,3.725023,0.004528
ELOB,78,85,AFRADDTF,,,7.000000,942.431600,AECR,0.000000,942.861548,0.006893,0.000000,0.000000,3.687766,0.005088
ELOB,78,85,AFRADDTF,,,7.000000,942.431600,AECR,0.250000,945.906692,0.015623,3.045144,0.017076,3.696014,0.003895
ELOB,78,85,AFRADDTF,,,7.000000,942.431600,AECR,0.500000,945.915162,0.043716,3.053614,0.044257,3.700224,0.001731
ELOB,78,85,AFRADDTF,,,7.000000,942.431600,AECR,0.750000,945.894740,0.090860,3.033193,0.091121,3.698602,0.005870
ELOB,78,85,AFRADDTF,,,7.000000,942.431600,AECR,1.000000,945.965871,0.032326,3.104324,0.033052,3.705316,0.004514
ELOB,78,85,AFRADDTF,,,7.000000,942.431600,AECR,2.000000,945.941359,0.033099,3.079811,0.033810,3.709186,0.004663
ELOB,89,99,CIEPFSSPPEL,,,7.000000,1218.571100,AE,0.000000,1219.196011,0.054349,0.000000,0.000000,4.327147,0.005645
ELOB,89,99,CIEPFSSPPEL,,,7.000000,1218.571100,AE,0.500000,1222.286699,0.049417,3.090688,0.073456,4.326218,0.005388
ELOB,89,99,CIEPFSSPPEL,,,7.000000,1218.571100,AE,1.000000,1222.302833,0.046387,3.106822,0.071453,4.332275,0.005778
ELOB,89,99,CIEPFSSPPEL,,,7.000000,1218.571100,AE,2.000000,1222.044629,0.071768,2.848618,0.090025,4.336974,0.002642
ELOB,89,99,CIEPFSSPPEL,,,7.000000,1218.571100,AECR,0.000000,1219.142120,0.065444,0.000000,0.000000,4.411916,0.002964
ELOB,89,99,CIEPFSSPPEL,,,7.000000,1218.571100,AECR,0.250000,1222.584966,0.017176,3.442846,0.067661,4.432869,0.007116
ELOB,89,99,CIEPFSSPPEL,,,7.000000,1218.571100,AECR,0.500000,1222.619896,0.047668,3.477776,0.080965,4.448583,0.006644
ELOB,89,99,CIEPFSSPPEL,,,7.000000,1218.571100,AECR,0.750000,1222.622126,0.205216,3.480007,0.215399,4.447260,0.015889
ELOB,89,99,CIEPFSSPPEL,,,7.000000,1218.571100,AECR,1.000000,1222.512104,0.047283,3.369984,0.080738,4.438291,0.005820
ELOB,89,99,CIEPFSSPPEL,,,7.000000,1218.571100,AECR,2.000000,1222.589243,0.101757,3.447123,0.120985,4.428991,0.003815
ELOB,100,114,PDVMKPQDSGSSANE,,,12.000000,1561.679900,AE,0.000000,1562.461355,0.005761,0.000000,0.000000,2.762943,0.002115
ELOB,100,114,PDVMKPQDSGSSANE,,,12.000000,1561.679900,AE,0.500000,1569.545138,0.030950,7.083783,0.031481,2.765531,0.010923
ELOB,100,114,PDVMKPQDSGSSANE,,,12.000000,1561.679900,AE,1.000000,1569.814690,0.037379,7.353335,0.037821,2.803275,0.003837
ELOB,100,114,PDVMKPQDSGSSANE,,,12.000000,1561.679900,AE,2.000000,1569.166228,0.093002,6.704872,0.093181,2.782777,0.011496
ELOB,100,114,PDVMKPQDSGSSANE,,,12.000000,1561.679900,AECR,0.000000,1562.336095,0.020880,0.000000,0.000000,2.717709,0.005005
ELOB,100,114,PDVMKPQDSGSSANE,,,12.000000,1561.679900,AECR,0.250000,1570.016895,0.114357,7.680800,0.116247,2.712348,0.003745
ELOB,100,114,PDVMKPQDSGSSANE,,,12.000000,1561.679900,AECR,0.500000,1570.196761,0.346195,7.860666,0.346824,2.714539,0.003114
ELOB,100,114,PDVMKPQDSGSSANE,,,12.000000,1561.679900,AECR,0.750000,1570.133020,0.242112,7.796926,0.243011,2.709894,0.003099
ELOB,100,114,PDVMKPQDSGSSANE,,,12.000000,1561.679900,AECR,1.000000,1570.426421,0.186380,8.090326,0.187546,2.718198,0.011479
ELOB,100,114,PDVMKPQDSGSSANE,,,12.000000,1561.679900,AECR,2.000000,1570.142094,0.056485,7.805999,0.060221,2.721909,0.000483
ELOB,100,118,PDVMKPQDSGSSANEQAVQ,,,16.000000,1987.902600,AE,0.000000,1988.937892,0.001463,0.000000,0.000000,2.960474,0.003721
ELOB,100,118,PDVMKPQDSGSSANEQAVQ,,,16.000000,1987.902600,AE,0.500000,1999.163956,0.012059,10.226065,0.012147,2.959285,0.002971
ELOB,100,118,PDVMKPQDSGSSANEQAVQ,,,16.000000,1987.902600,AE,1.000000,1999.395035,0.109802,10.457143,0.109811,2.959286,0.002467
ELOB,100,118,PDVMKPQDSGSSANEQAVQ,,,16.000000,1987.902600,AE,2.000000,1998.478627,0.044491,9.540735,0.044515,2.951480,0.004386
ELOB,100,118,PDVMKPQDSGSSANEQAVQ,,,16.000000,1987.902600,AECR,0.000000,1988.944517,0.011040,0.000000,0.000000,2.868670,0.003799
ELOB,100,118,PDVMKPQDSGSSANEQAVQ,,,16.000000,1987.902600,AECR,0.250000,1999.675606,0.058507,10.731089,0.059539,2.863202,0.003057
ELOB,100,118,PDVMKPQDSGSSANEQAVQ,,,16.000000,1987.902600,AECR,0.500000,1999.908285,0.225869,10.963768,0.226138,2.862480,0.002986
ELOB,100,118,PDVMKPQDSGSSANEQAVQ,,,16.000000,1987.902600,AECR,0.750000,1999.830428,0.399050,10.885911,0.399202,2.858916,0.002779
ELOB,100,118,PDVMKPQDSGSSANEQAVQ,,,16.000000,1987.902600,AECR,1.000000,2000.125780,0.078425,11.181263,0.079199,2.865771,0.008912
ELOB,100,118,PDVMKPQDSGSSANEQAVQ,,,16.000000,1987.902600,AECR,2.000000,1999.722339,0.228104,10.777822,0.228371,2.871679,0.002125
ELOC,3,13,YVKLISSDGHE,,,10.000000,1247.626600,AE,0.000000,1248.160652,0.003593,0.000000,0.000000,3.202676,0.005846
ELOC,3,13,YVKLISSDGHE,,,10.000000,1247.626600,AE,0.500000,1249.084285,0.067315,0.923634,0.067411,3.210990,0.005523
ELOC,3,13,YVKLISSDGHE,,,10.000000,1247.626600,AE,1.000000,1249.176452,0.053021,1.015800,0.053143,3.210203,0.002557
ELOC,3,13,YVKLISSDGHE,,,10.000000,1247.626600,AE,2.000000,1249.250575,0.023471,1.089923,0.023744,3.199975,0.001160
ELOC,3,13,YVKLISSDGHE,,,10.000000,1247.626600,AECR,0.000000,1248.165557,0.014800,0.000000,0.000000,3.092299,0.007131
ELOC,3,13,YVKLISSDGHE,,,10.000000,1247.626600,AECR,0.250000,1248.983815,0.034062,0.818258,0.037138,3.092218,0.005967
ELOC,3,13,YVKLISSDGHE,,,10.000000,1247.626600,AECR,0.500000,1248.815560,0.062862,0.650003,0.064581,3.094332,0.000915
ELOC,3,13,YVKLISSDGHE,,,10.000000,1247.626600,AECR,0.750000,1249.174089,0.046441,1.008531,0.048742,3.090636,0.006154
ELOC,3,13,YVKLISSDGHE,,,10.000000,1247.626600,AECR,1.000000,1249.135069,0.142868,0.969511,0.143633,3.103150,0.007592
ELOC,3,13,YVKLISSDGHE,,,10.000000,1247.626600,AECR,2.000000,1249.211062,0.148584,1.045504,0.149319,3.105721,0.004390
ELOC,7,13,ISSDGHE,,,6.000000,744.315900,AE,0.000000,744.601293,0.004256,0.000000,0.000000,2.271842,0.004481
ELOC,7,13,ISSDGHE,,,6.000000,744.315900,AE,0.500000,745.616144,0.055644,1.014851,0.055806,2.269585,0.005248
ELOC,7,13,ISSDGHE,,,6.000000,744.315900,AE,1.000000,745.764729,0.008281,1.163436,0.009310,2.253288,0.008426
ELOC,7,13,ISSDGHE,,,6.000000,744.315900,AE,2.000000,745.872291,0.010239,1.270998,0.011088,2.236117,0.002393
ELOC,7,13,ISSDGHE,,,6.000000,744.315900,AECR,0.000000,744.609270,0.010175,0.000000,0.000000,1.982300,0.007784
ELOC,7,13,ISSDGHE,,,6.000000,744.315900,AECR,0.250000,745.586473,0.048598,0.977203,0.049652,1.954198,0.007512
ELOC,7,13,ISSDGHE,,,6.000000,744.315900,AECR,0.500000,745.672842,0.052700,1.063572,0.053673,1.941657,0.005462
ELOC,7,13,ISSDGHE,,,6.000000,744.315900,AECR,0.750000,745.751780,0.025894,1.142510,0.027821,1.942652,0.006462
ELOC,7,13,ISSDGHE,,,6.000000,744.315900,AECR,1.000000,745.847573,0.022088,1.238304,0.024319,1.951751,0.011296
ELOC,7,13,ISSDGHE,,,6.000000,744.315900,AECR,2.000000,745.992653,0.078601,1.383384,0.079256,1.965354,0.005278
ELOC,7,14,ISSDGHEF,,,7.000000,891.384300,AE,0.000000,891.736453,0.013426,0.000000,0.000000,3.352739,0.003699
ELOC,7,14,ISSDGHEF,,,7.000000,891.384300,AE,0.500000,892.651841,0.020549,0.915387,0.024546,3.359381,0.006243
ELOC,7,14,ISSDGHEF,,,7.000000,891.384300,AE,1.000000,892.818727,0.034822,1.082273,0.037320,3.361016,0.000965
ELOC,7,14,ISSDGHEF,,,7.000000,891.384300,AE,2.000000,892.885553,0.009689,1.149099,0.016557,3.347063,0.002187
ELOC,7,14,ISSDGHEF,,,7.000000,891.384300,AECR,0.000000,891.737269,0.010820,0.000000,0.000000,3.230000,0.003445
ELOC,7,14,ISSDGHEF,,,7.000000,891.384300,AECR,0.250000,892.562392,0.050277,0.825124,0.051428,3.232018,0.003231
ELOC,7,14,ISSDGHEF,,,7.000000,891.384300,AECR,0.500000,892.647776,0.081724,0.910508,0.082437,3.234642,0.003843
ELOC,7,14,ISSDGHEF,,,7.000000,891.384300,AECR,0.750000,892.740735,0.010221,1.003466,0.014884,3.230668,0.006861
ELOC,7,14,ISSDGHEF,,,7.000000,891.384300,AECR,1.000000,892.897304,0.149400,1.160035,0.149792,3.236878,0.007612
ELOC,7,14,ISSDGHEF,,,7.000000,891.384300,AECR,2.000000,892.928416,0.043171,1.191148,0.044506,3.246402,0.004348
ELOC,14,29,FIVKREHALTSGTIKA,,,15.000000,1771.022500,AE,0.000000,1771.945474,0.018093,0.000000,0.000000,3.052673,0.005856
ELOC,14,29,FIVKREHALTSGTIKA,,,15.000000,1771.022500,AE,0.500000,1775.231756,0.178695,3.286282,0.179609,3.064881,0.006920
ELOC,14,29,FIVKREHALTSGTIKA,,,15.000000,1771.022500,AE,1.000000,1775.728592,0.036231,3.783118,0.040497,3.061579,0.002463
ELOC,14,29,FIVKREHALTSGTIKA,,,15.000000,1771.022500,AE,2.000000,1776.105453,0.080304,4.159979,0.082317,3.054819,0.003884
ELOC,14,29,FIVKREHALTSGTIKA,,,15.000000,1771.022500,AECR,0.000000,1771.964890,0.008542,0.000000,0.000000,2.936152,0.005878
ELOC,14,29,FIVKREHALTSGTIKA,,,15.000000,1771.022500,AECR,0.250000,1774.741978,0.051006,2.777088,0.051716,2.939074,0.002065
ELOC,14,29,FIVKREHALTSGTIKA,,,15.000000,1771.022500,AECR,0.500000,1775.051844,0.061920,3.086954,0.062507,2.942997,0.004807
ELOC,14,29,FIVKREHALTSGTIKA,,,15.000000,1771.022500,AECR,0.750000,1775.341767,0.044031,3.376877,0.044852,2.936837,0.004015
ELOC,14,29,FIVKREHALTSGTIKA,,,15.000000,1771.022500,AECR,1.000000,1775.598425,0.102979,3.633535,0.103333,2.943388,0.005191
ELOC,14,29,FIVKREHALTSGTIKA,,,15.000000,1771.022500,AECR,2.000000,1776.104547,0.088666,4.139657,0.089076,2.948692,0.002429
ELOC,14,31,FIVKREHALTSGTIKAML,,,17.000000,2015.147000,AE,0.000000,2016.266246,0.009196,0.000000,0.000000,3.628239,0.002824
ELOC,14,31,FIVKREHALTSGTIKAML,,,17.000000,2015.147000,AE,0.500000,2019.616020,0.146246,3.349773,0.146535,3.636689,0.010014
ELOC,14,31,FIVKREHALTSGTIKAML,,,17.000000,2015.147000,AE,1.000000,2020.527950,0.115458,4.261704,0.115824,3.642246,0.003936
ELOC,14,31,FIVKREHALTSGTIKAML,,,17.000000,2015.147000,AE,2.000000,2021.105221,0.101893,4.838974,0.102308,3.635100,0.002237
ELOC,14,31,FIVKREHALTSGTIKAML,,,17.000000,2015.147000,AECR,0.000000,2016.254790,0.019660,0.000000,0.000000,3.625173,0.000652
ELOC,14,31,FIVKREHALTSGTIKAML,,,17.000000,2015.147000,AECR,0.250000,2019.047994,0.090784,2.793204,0.092889,3.635497,0.004545
ELOC,14,31,FIVKREHALTSGTIKAML,,,17.000000,2015.147000,AECR,0.500000,2019.480394,0.079247,3.225605,0.081650,3.643566,0.004717
ELOC,14,31,FIVKREHALTSGTIKAML,,,17.000000,2015.147000,AECR,0.750000,2019.800736,0.110117,3.545946,0.111858,3.637820,0.007026
ELOC,14,31,FIVKREHALTSGTIKAML,,,17.000000,2015.147000,AECR,1.000000,2020.104475,0.098135,3.849685,0.100085,3.642598,0.003338
ELOC,14,31,FIVKREHALTSGTIKAML,,,17.000000,2015.147000,AECR,2.000000,2020.857779,0.066168,4.602989,0.069027,3.641790,0.003926
ELOC,14,37,FIVKREHALTSGTIKAMLSGPGQF,,,22.000000,2588.401700,AE,0.000000,2589.880824,0.009772,0.000000,0.000000,3.921460,0.002404
ELOC,14,37,FIVKREHALTSGTIKAMLSGPGQF,,,22.000000,2588.401700,AE,0.500000,2596.669360,0.071513,6.788536,0.072177,3.927888,0.001137
ELOC,14,37,FIVKREHALTSGTIKAMLSGPGQF,,,22.000000,2588.401700,AE,1.000000,2597.426001,0.039310,7.545178,0.040507,3.928451,0.004864
ELOC,14,37,FIVKREHALTSGTIKAMLSGPGQF,,,22.000000,2588.401700,AE,2.000000,2597.590543,0.090246,7.709719,0.090774,3.926810,0.002340
ELOC,14,37,FIVKREHALTSGTIKAMLSGPGQF,,,22.000000,2588.401700,AECR,0.000000,2589.856322,0.012946,0.000000,0.000000,3.946740,0.004461
ELOC,14,37,FIVKREHALTSGTIKAMLSGPGQF,,,22.000000,2588.401700,AECR,0.250000,2596.406422,0.066629,6.550099,0.067875,3.965697,0.011393
ELOC,14,37,FIVKREHALTSGTIKAMLSGPGQF,,,22.000000,2588.401700,AECR,0.500000,2596.806307,0.028593,6.949985,0.031388,3.982481,0.009185
ELOC,14,37,FIVKREHALTSGTIKAMLSGPGQF,,,22.000000,2588.401700,AECR,0.750000,2597.173851,0.107746,7.317529,0.108521,3.975282,0.006064
ELOC,14,37,FIVKREHALTSGTIKAMLSGPGQF,,,22.000000,2588.401700,AECR,1.000000,2597.545991,0.049440,7.689669,0.051107,3.971869,0.003230
ELOC,14,37,FIVKREHALTSGTIKAMLSGPGQF,,,22.000000,2588.401700,AECR,2.000000,2597.984718,0.068585,8.128396,0.069797,3.976796,0.005763
ELOC,15,37,IVKREHALTSGTIKAMLSGPGQF,,,21.000000,2441.333300,AE,0.000000,2442.541069,0.036361,0.000000,0.000000,3.851163,0.002900
ELOC,15,37,IVKREHALTSGTIKAMLSGPGQF,,,21.000000,2441.333300,AE,0.500000,2449.118627,0.243067,6.577558,0.245771,3.857412,0.005534
ELOC,15,37,IVKREHALTSGTIKAMLSGPGQF,,,21.000000,2441.333300,AE,1.000000,2449.976328,0.063641,7.435259,0.073296,3.861006,0.004230
ELOC,15,37,IVKREHALTSGTIKAMLSGPGQF,,,21.000000,2441.333300,AE,2.000000,2450.217108,0.111260,7.676039,0.117051,3.858499,0.003131
ELOC,15,37,IVKREHALTSGTIKAMLSGPGQF,,,21.000000,2441.333300,AECR,0.000000,2442.628512,0.035205,0.000000,0.000000,3.871079,0.008612
ELOC,15,37,IVKREHALTSGTIKAMLSGPGQF,,,21.000000,2441.333300,AECR,0.250000,2448.896065,0.136211,6.267553,0.140687,3.884641,0.004297
ELOC,15,37,IVKREHALTSGTIKAMLSGPGQF,,,21.000000,2441.333300,AECR,0.500000,2449.417688,0.049703,6.789176,0.060908,3.889329,0.005021
ELOC,15,37,IVKREHALTSGTIKAMLSGPGQF,,,21.000000,2441.333300,AECR,0.750000,2449.737668,0.054660,7.109156,0.065016,3.894465,0.002542
ELOC,15,37,IVKREHALTSGTIKAMLSGPGQF,,,21.000000,2441.333300,AECR,1.000000,2450.237217,0.042624,7.608705,0.055283,3.891557,0.002327
ELOC,15,37,IVKREHALTSGTIKAMLSGPGQF,,,21.000000,2441.333300,AECR,2.000000,2450.697366,0.113725,8.068854,0.119050,3.891631,0.005807
ELOC,41,47,ETNEVNF,,,6.000000,852.373400,AE,0.000000,852.691768,0.047494,0.000000,0.000000,3.786337,0.003102
ELOC,41,47,ETNEVNF,,,6.000000,852.373400,AE,0.500000,854.803650,0.048191,2.111881,0.067661,3.785239,0.003730
ELOC,41,47,ETNEVNF,,,6.000000,852.373400,AE,1.000000,854.866245,0.064444,2.174477,0.080054,3.788716,0.001597
ELOC,41,47,ETNEVNF,,,6.000000,852.373400,AE,2.000000,854.781708,0.071454,2.089940,0.085798,3.784335,0.001738
ELOC,41,47,ETNEVNF,,,6.000000,852.373400,AECR,0.000000,852.588774,0.029358,0.000000,0.000000,3.750255,0.004343
ELOC,41,47,ETNEVNF,,,6.000000,852.373400,AECR,0.250000,854.630739,0.100959,2.041966,0.105141,3.752220,0.001966
ELOC,41,47,ETNEVNF,,,6.000000,852.373400,AECR,0.500000,854.713578,0.108612,2.124805,0.112510,3.754191,0.002633
ELOC,41,47,ETNEVNF,,,6.000000,852.373400,AECR,0.750000,854.808026,0.277543,2.219252,0.279092,3.754057,0.006831
ELOC,41,47,ETNEVNF,,,6.000000,852.373400,AECR,1.000000,854.792255,0.074450,2.203482,0.080029,3.755264,0.003422
ELOC,41,47,ETNEVNF,,,6.000000,852.373400,AECR,2.000000,854.875247,0.056962,2.286474,0.064083,3.762462,0.007385
ELOC,47,60,FREIPSHVLSKVCM,,,12.000000,1645.855300,AE,0.000000,1646.838379,0.007382,0.000000,0.000000,3.637214,0.003631
ELOC,47,60,FREIPSHVLSKVCM,,,12.000000,1645.855300,AE,0.500000,1648.860647,0.104836,2.022267,0.105095,3.644374,0.006610
ELOC,47,60,FREIPSHVLSKVCM,,,12.000000,1645.855300,AE,1.000000,1648.993797,0.134616,2.155417,0.134819,3.649143,0.005208
ELOC,47,60,FREIPSHVLSKVCM,,,12.000000,1645.855300,AE,2.000000,1648.847138,0.097664,2.008759,0.097943,3.645617,0.002964
ELOC,47,60,FREIPSHVLSKVCM,,,12.000000,1645.855300,AECR,0.000000,1646.823526,0.026096,0.000000,0.000000,3.633156,0.000643
ELOC,47,60,FREIPSHVLSKVCM,,,12.000000,1645.855300,AECR,0.250000,1648.699662,0.009152,1.876136,0.027654,3.645064,0.005589
ELOC,47,60,FREIPSHVLSKVCM,,,12.000000,1645.855300,AECR,0.500000,1648.815999,0.021398,1.992473,0.033747,3.650301,0.004767
ELOC,47,60,FREIPSHVLSKVCM,,,12.000000,1645.855300,AECR,0.750000,1648.858672,0.030061,2.035146,0.039808,3.647974,0.008081
ELOC,47,60,FREIPSHVLSKVCM,,,12.000000,1645.855300,AECR,1.000000,1648.883622,0.015692,2.060097,0.030450,3.650890,0.003216
ELOC,47,60,FREIPSHVLSKVCM,,,12.000000,1645.855300,AECR,2.000000,1648.867679,0.050834,2.044154,0.057141,3.651728,0.003964
ELOC,48,60,REIPSHVLSKVCM,,,11.000000,1498.786900,AE,0.000000,1499.803816,0.007140,0.000000,0.000000,3.448009,0.003699
ELOC,48,60,REIPSHVLSKVCM,,,11.000000,1498.786900,AE,0.500000,1501.301910,0.033569,1.498094,0.034320,3.453084,0.006783
ELOC,48,60,REIPSHVLSKVCM,,,11.000000,1498.786900,AE,1.000000,1501.357906,0.025317,1.554090,0.026305,3.461982,0.006469
ELOC,48,60,REIPSHVLSKVCM,,,11.000000,1498.786900,AE,2.000000,1501.251265,0.027628,1.447449,0.028535,3.451838,0.001326
ELOC,48,60,REIPSHVLSKVCM,,,11.000000,1498.786900,AECR,0.000000,1499.726358,0.020765,0.000000,0.000000,3.405649,0.007942
ELOC,48,60,REIPSHVLSKVCM,,,11.000000,1498.786900,AECR,0.250000,1501.193104,0.016113,1.466746,0.026283,3.412309,0.002408
ELOC,48,60,REIPSHVLSKVCM,,,11.000000,1498.786900,AECR,0.500000,1501.287504,0.038554,1.561147,0.043790,3.416377,0.002418
ELOC,48,60,REIPSHVLSKVCM,,,11.000000,1498.786900,AECR,0.750000,1501.337648,0.022184,1.611291,0.030386,3.410063,0.006410
ELOC,48,60,REIPSHVLSKVCM,,,11.000000,1498.786900,AECR,1.000000,1501.349486,0.024427,1.623129,0.032061,3.418332,0.002987
ELOC,48,60,REIPSHVLSKVCM,,,11.000000,1498.786900,AECR,2.000000,1501.310816,0.021835,1.584459,0.030133,3.422460,0.003675
ELOC,48,61,REIPSHVLSKVCMY,,,12.000000,1661.850200,AE,0.000000,1662.939422,0.006144,0.000000,0.000000,3.603775,0.003605
ELOC,48,61,REIPSHVLSKVCMY,,,12.000000,1661.850200,AE,0.500000,1664.429360,0.021190,1.489938,0.022063,3.609740,0.008119
ELOC,48,61,REIPSHVLSKVCMY,,,12.000000,1661.850200,AE,1.000000,1664.540770,0.018525,1.601348,0.019517,3.617941,0.003001
ELOC,48,61,REIPSHVLSKVCMY,,,12.000000,1661.850200,AE,2.000000,1664.387728,0.017591,1.448306,0.018633,3.611403,0.002657
ELOC,48,61,REIPSHVLSKVCMY,,,12.000000,1661.850200,AECR,0.000000,1662.898407,0.013220,0.000000,0.000000,3.587064,0.006129
ELOC,48,61,REIPSHVLSKVCMY,,,12.000000,1661.850200,AECR,0.250000,1664.365012,0.021708,1.466605,0.025417,3.601422,0.006756
ELOC,48,61,REIPSHVLSKVCMY,,,12.000000,1661.850200,AECR,0.500000,1664.491514,0.039596,1.593107,0.041744,3.603425,0.003281
ELOC,48,61,REIPSHVLSKVCMY,,,12.000000,1661.850200,AECR,0.750000,1664.514760,0.020881,1.616354,0.024714,3.602978,0.006506
ELOC,48,61,REIPSHVLSKVCMY,,,12.000000,1661.850200,AECR,1.000000,1664.563923,0.035307,1.665516,0.037701,3.606288,0.003519
ELOC,48,61,REIPSHVLSKVCMY,,,12.000000,1661.850200,AECR,2.000000,1664.525951,0.041644,1.627545,0.043692,3.610366,0.003998
ELOC,61,78,YFTYKVRYTNSSTEIPEF,,,16.000000,2245.081200,AE,0.000000,2246.270730,0.022272,0.000000,0.000000,4.061230,0.001714
ELOC,61,78,YFTYKVRYTNSSTEIPEF,,,16.000000,2245.081200,AE,0.500000,2251.655017,0.307252,5.384287,0.308058,4.066244,0.009189
ELOC,61,78,YFTYKVRYTNSSTEIPEF,,,16.000000,2245.081200,AE,1.000000,2251.880729,0.102535,5.610000,0.104926,4.065705,0.006198
ELOC,61,78,YFTYKVRYTNSSTEIPEF,,,16.000000,2245.081200,AE,2.000000,2251.271852,0.161848,5.001123,0.163373,4.068948,0.001488
ELOC,61,78,YFTYKVRYTNSSTEIPEF,,,16.000000,2245.081200,AECR,0.000000,2246.328297,0.050684,0.000000,0.000000,4.090667,0.005518
ELOC,61,78,YFTYKVRYTNSSTEIPEF,,,16.000000,2245.081200,AECR,0.250000,2252.031449,0.024140,5.703152,0.056139,4.111989,0.002939
ELOC,61,78,YFTYKVRYTNSSTEIPEF,,,16.000000,2245.081200,AECR,0.500000,2251.933714,0.021918,5.605417,0.055220,4.119362,0.002822
ELOC,61,78,YFTYKVRYTNSSTEIPEF,,,16.000000,2245.081200,AECR,0.750000,2252.007217,0.170298,5.678920,0.177680,4.119153,0.010072
ELOC,61,78,YFTYKVRYTNSSTEIPEF,,,16.000000,2245.081200,AECR,1.000000,2252.175778,0.158618,5.847481,0.166519,4.116186,0.004861
ELOC,61,78,YFTYKVRYTNSSTEIPEF,,,16.000000,2245.081200,AECR,2.000000,2251.924865,0.079403,5.596568,0.094200,4.112789,0.005565
ELOC,61,81,YFTYKVRYTNSSTEIPEFPIA,,,18.000000,2526.255100,AE,0.000000,2527.597430,0.020173,0.000000,0.000000,4.133815,0.002697
ELOC,61,81,YFTYKVRYTNSSTEIPEFPIA,,,18.000000,2526.255100,AE,0.500000,2534.616318,0.004506,7.018888,0.020670,4.139255,0.003358
ELOC,61,81,YFTYKVRYTNSSTEIPEFPIA,,,18.000000,2526.255100,AE,1.000000,2534.603164,0.065720,7.005734,0.068746,4.143350,0.006329
ELOC,61,81,YFTYKVRYTNSSTEIPEFPIA,,,18.000000,2526.255100,AE,2.000000,2533.943206,0.110373,6.345775,0.112201,4.143462,0.003073
ELOC,61,81,YFTYKVRYTNSSTEIPEFPIA,,,18.000000,2526.255100,AECR,0.000000,2527.613854,0.022215,0.000000,0.000000,4.206242,0.006377
ELOC,61,81,YFTYKVRYTNSSTEIPEFPIA,,,18.000000,2526.255100,AECR,0.250000,2534.919818,0.064619,7.305964,0.068331,4.232308,0.003792
ELOC,61,81,YFTYKVRYTNSSTEIPEFPIA,,,18.000000,2526.255100,AECR,0.500000,2534.897489,0.100226,7.283635,0.102659,4.239435,0.004131
ELOC,61,81,YFTYKVRYTNSSTEIPEFPIA,,,18.000000,2526.255100,AECR,0.750000,2534.789175,0.155321,7.175320,0.156902,4.240489,0.007650
ELOC,61,81,YFTYKVRYTNSSTEIPEFPIA,,,18.000000,2526.255100,AECR,1.000000,2535.078302,0.051434,7.464448,0.056027,4.239155,0.006164
ELOC,61,81,YFTYKVRYTNSSTEIPEFPIA,,,18.000000,2526.255100,AECR,2.000000,2534.899865,0.078899,7.286010,0.081967,4.230438,0.005345
ELOC,61,85,YFTYKVRYTNSSTEIPEFPIAPEIA,,,21.000000,2936.471700,AE,0.000000,2938.121075,0.021511,0.000000,0.000000,4.233046,0.003623
ELOC,61,85,YFTYKVRYTNSSTEIPEFPIAPEIA,,,21.000000,2936.471700,AE,0.500000,2945.920643,0.047518,7.799568,0.052160,4.231845,0.003553
ELOC,61,85,YFTYKVRYTNSSTEIPEFPIAPEIA,,,21.000000,2936.471700,AE,1.000000,2946.148164,0.144945,8.027089,0.146532,4.240080,0.004890
ELOC,61,85,YFTYKVRYTNSSTEIPEFPIAPEIA,,,21.000000,2936.471700,AE,2.000000,2945.711435,0.086017,7.590361,0.088666,4.240947,0.002202
ELOC,61,85,YFTYKVRYTNSSTEIPEFPIAPEIA,,,21.000000,2936.471700,AECR,0.000000,2938.106734,0.029743,0.000000,0.000000,4.321476,0.006049
ELOC,61,85,YFTYKVRYTNSSTEIPEFPIAPEIA,,,21.000000,2936.471700,AECR,0.250000,2946.189757,0.040763,8.083023,0.050461,4.354767,0.008141
ELOC,61,85,YFTYKVRYTNSSTEIPEFPIAPEIA,,,21.000000,2936.471700,AECR,0.500000,2946.279147,0.049496,8.172414,0.057745,4.367507,0.005039
ELOC,61,85,YFTYKVRYTNSSTEIPEFPIAPEIA,,,21.000000,2936.471700,AECR,0.750000,2946.579645,0.163292,8.472911,0.165979,4.367696,0.010033
ELOC,61,85,YFTYKVRYTNSSTEIPEFPIAPEIA,,,21.000000,2936.471700,AECR,1.000000,2946.823388,0.043758,8.716654,0.052909,4.356668,0.006611
ELOC,61,85,YFTYKVRYTNSSTEIPEFPIAPEIA,,,21.000000,2936.471700,AECR,2.000000,2946.936609,0.049585,8.829876,0.057821,4.350196,0.004165
ELOC,61,86,YFTYKVRYTNSSTEIPEFPIAPEIAL,,,22.000000,3049.555700,AE,0.000000,3051.278032,0.026164,0.000000,0.000000,4.435059,0.003501
ELOC,61,86,YFTYKVRYTNSSTEIPEFPIAPEIAL,,,22.000000,3049.555700,AE,0.500000,3058.960489,0.197944,7.682457,0.199666,4.434628,0.002162
ELOC,61,86,YFTYKVRYTNSSTEIPEFPIAPEIAL,,,22.000000,3049.555700,AE,1.000000,3059.603046,0.118333,8.325014,0.121191,4.444402,0.010244
ELOC,61,86,YFTYKVRYTNSSTEIPEFPIAPEIAL,,,22.000000,3049.555700,AE,2.000000,3059.118202,0.125128,7.840170,0.127835,4.450146,0.006443
ELOC,61,86,YFTYKVRYTNSSTEIPEFPIAPEIAL,,,22.000000,3049.555700,AECR,0.000000,3051.286856,0.041621,0.000000,0.000000,4.594206,0.002730
ELOC,61,86,YFTYKVRYTNSSTEIPEFPIAPEIAL,,,22.000000,3049.555700,AECR,0.250000,3059.363235,0.056543,8.076379,0.070210,4.627822,0.003511
ELOC,61,86,YFTYKVRYTNSSTEIPEFPIAPEIAL,,,22.000000,3049.555700,AECR,0.500000,3059.693042,0.079787,8.406186,0.089990,4.640319,0.009917
ELOC,61,86,YFTYKVRYTNSSTEIPEFPIAPEIAL,,,22.000000,3049.555700,AECR,0.750000,3059.872971,0.084204,8.586115,0.093929,4.639502,0.009269
ELOC,61,86,YFTYKVRYTNSSTEIPEFPIAPEIAL,,,22.000000,3049.555700,AECR,1.000000,3060.256641,0.027636,8.969785,0.049961,4.630653,0.013487
ELOC,61,86,YFTYKVRYTNSSTEIPEFPIAPEIAL,,,22.000000,3049.555700,AECR,2.000000,3060.390641,0.056485,9.103785,0.070163,4.615614,0.006159
ELOC,62,78,FTYKVRYTNSSTEIPEF,,,15.000000,2082.017800,AE,0.000000,2083.131812,0.021327,0.000000,0.000000,3.944677,0.000292
ELOC,62,78,FTYKVRYTNSSTEIPEF,,,15.000000,2082.017800,AE,0.500000,2088.702373,0.067692,5.570560,0.070972,3.954885,0.011574
ELOC,62,78,FTYKVRYTNSSTEIPEF,,,15.000000,2082.017800,AE,1.000000,2088.810700,0.131518,5.678888,0.133236,3.963794,0.007269
ELOC,62,78,FTYKVRYTNSSTEIPEF,,,15.000000,2082.017800,AE,2.000000,2088.160597,0.053276,5.028784,0.057386,3.958095,0.005906
ELOC,62,78,FTYKVRYTNSSTEIPEF,,,15.000000,2082.017800,AECR,0.000000,2083.151609,0.024717,0.000000,0.000000,3.971472,0.005710
ELOC,62,78,FTYKVRYTNSSTEIPEF,,,15.000000,2082.017800,AECR,0.250000,2088.842295,0.065750,5.690686,0.070243,3.994126,0.011348
ELOC,62,78,FTYKVRYTNSSTEIPEF,,,15.000000,2082.017800,AECR,0.500000,2088.883387,0.099218,5.731778,0.102251,4.000151,0.003998
ELOC,62,78,FTYKVRYTNSSTEIPEF,,,15.000000,2082.017800,AECR,0.750000,2088.901625,0.105439,5.750016,0.108298,3.999024,0.007235
ELOC,62,78,FTYKVRYTNSSTEIPEF,,,15.000000,2082.017800,AECR,1.000000,2089.093052,0.058079,5.941443,0.063119,4.001290,0.001743
ELOC,62,78,FTYKVRYTNSSTEIPEF,,,15.000000,2082.017800,AECR,2.000000,2088.946201,0.039633,5.794592,0.046709,4.001788,0.001080
ELOC,62,81,FTYKVRYTNSSTEIPEFPIA,,,17.000000,2363.191800,AE,0.000000,2364.421833,0.006814,0.000000,0.000000,4.069162,0.005720
ELOC,62,81,FTYKVRYTNSSTEIPEFPIA,,,17.000000,2363.191800,AE,0.500000,2371.545957,0.072923,7.124124,0.073240,4.071255,0.005907
ELOC,62,81,FTYKVRYTNSSTEIPEFPIA,,,17.000000,2363.191800,AE,1.000000,2371.525259,0.103430,7.103426,0.103654,4.077961,0.005928
ELOC,62,81,FTYKVRYTNSSTEIPEFPIA,,,17.000000,2363.191800,AE,2.000000,2370.951565,0.146788,6.529732,0.146946,4.075992,0.001750
ELOC,62,81,FTYKVRYTNSSTEIPEFPIA,,,17.000000,2363.191800,AECR,0.000000,2364.459294,0.067942,0.000000,0.000000,4.107007,0.005389
ELOC,62,81,FTYKVRYTNSSTEIPEFPIA,,,17.000000,2363.191800,AECR,0.250000,2371.860870,0.038567,7.401576,0.078125,4.130382,0.007244
ELOC,62,81,FTYKVRYTNSSTEIPEFPIA,,,17.000000,2363.191800,AECR,0.500000,2371.954534,0.095828,7.495240,0.117469,4.140124,0.004952
ELOC,62,81,FTYKVRYTNSSTEIPEFPIA,,,17.000000,2363.191800,AECR,0.750000,2371.843463,0.157114,7.384169,0.171175,4.139071,0.007862
ELOC,62,81,FTYKVRYTNSSTEIPEFPIA,,,17.000000,2363.191800,AECR,1.000000,2372.106862,0.092871,7.647568,0.115070,4.136447,0.004911
ELOC,62,81,FTYKVRYTNSSTEIPEFPIA,,,17.000000,2363.191800,AECR,2.000000,2371.833823,0.058088,7.374529,0.089388,4.133821,0.002982
ELOC,62,85,FTYKVRYTNSSTEIPEFPIAPEIA,,,20.000000,2773.408300,AE,0.000000,2774.928459,0.006028,0.000000,0.000000,4.174466,0.005023
ELOC,62,85,FTYKVRYTNSSTEIPEFPIAPEIA,,,20.000000,2773.408300,AE,0.500000,2782.842274,0.043968,7.913815,0.044380,4.184363,0.006412
ELOC,62,85,FTYKVRYTNSSTEIPEFPIAPEIA,,,20.000000,2773.408300,AE,1.000000,2783.220948,0.099840,8.292489,0.100022,4.180703,0.005718
ELOC,62,85,FTYKVRYTNSSTEIPEFPIAPEIA,,,20.000000,2773.408300,AE,2.000000,2782.699070,0.138220,7.770611,0.138351,4.187778,0.008052
ELOC,62,85,FTYKVRYTNSSTEIPEFPIAPEIA,,,20.000000,2773.408300,AECR,0.000000,2774.914179,0.025266,0.000000,0.000000,4.254872,0.003941
ELOC,62,85,FTYKVRYTNSSTEIPEFPIAPEIA,,,20.000000,2773.408300,AECR,0.250000,2783.081783,0.048297,8.167604,0.054506,4.274408,0.006909
ELOC,62,85,FTYKVRYTNSSTEIPEFPIAPEIA,,,20.000000,2773.408300,AECR,0.500000,2783.370159,0.061578,8.455980,0.066560,4.285648,0.002788
ELOC,62,85,FTYKVRYTNSSTEIPEFPIAPEIA,,,20.000000,2773.408300,AECR,0.750000,2783.479211,0.175587,8.565032,0.177396,4.287605,0.004816
ELOC,62,85,FTYKVRYTNSSTEIPEFPIAPEIA,,,20.000000,2773.408300,AECR,1.000000,2783.675614,0.039625,8.761435,0.046994,4.280487,0.009524
ELOC,62,85,FTYKVRYTNSSTEIPEFPIAPEIA,,,20.000000,2773.408300,AECR,2.000000,2783.757242,0.053962,8.843063,0.059584,4.273940,0.010221
ELOC,62,86,FTYKVRYTNSSTEIPEFPIAPEIAL,,,21.000000,2886.492400,AE,0.000000,2888.102923,0.022041,0.000000,0.000000,4.394773,0.004693
ELOC,62,86,FTYKVRYTNSSTEIPEFPIAPEIAL,,,21.000000,2886.492400,AE,0.500000,2895.952868,0.138174,7.849945,0.139921,4.397845,0.004840
ELOC,62,86,FTYKVRYTNSSTEIPEFPIAPEIAL,,,21.000000,2886.492400,AE,1.000000,2896.409818,0.065855,8.306895,0.069446,4.403169,0.004952
ELOC,62,86,FTYKVRYTNSSTEIPEFPIAPEIAL,,,21.000000,2886.492400,AE,2.000000,2896.043045,0.091449,7.940122,0.094068,4.407882,0.000714
ELOC,62,86,FTYKVRYTNSSTEIPEFPIAPEIAL,,,21.000000,2886.492400,AECR,0.000000,2888.112710,0.020497,0.000000,0.000000,4.535198,0.002857
ELOC,62,86,FTYKVRYTNSSTEIPEFPIAPEIAL,,,21.000000,2886.492400,AECR,0.250000,2896.262862,0.087159,8.150152,0.089537,4.570793,0.007934
ELOC,62,86,FTYKVRYTNSSTEIPEFPIAPEIAL,,,21.000000,2886.492400,AECR,0.500000,2896.580866,0.044111,8.468156,0.048641,4.586424,0.009353
ELOC,62,86,FTYKVRYTNSSTEIPEFPIAPEIAL,,,21.000000,2886.492400,AECR,0.750000,2896.755913,0.094365,8.643203,0.096565,4.578896,0.008614
ELOC,62,86,FTYKVRYTNSSTEIPEFPIAPEIAL,,,21.000000,2886.492400,AECR,1.000000,2897.070989,0.027108,8.958279,0.033985,4.569373,0.011527
ELOC,62,86,FTYKVRYTNSSTEIPEFPIAPEIAL,,,21.000000,2886.492400,AECR,2.000000,2897.350446,0.036909,9.237736,0.042219,4.556254,0.008343
ELOC,91,97,AANFLDC,,,6.000000,753.323600,AE,0.000000,753.647404,0.027051,0.000000,0.000000,4.246195,0.003473
ELOC,91,97,AANFLDC,,,6.000000,753.323600,AE,0.500000,753.849581,0.040177,0.202176,0.048435,4.249648,0.004665
ELOC,91,97,AANFLDC,,,6.000000,753.323600,AE,1.000000,753.929448,0.029403,0.282044,0.039954,4.256575,0.002653
ELOC,91,97,AANFLDC,,,6.000000,753.323600,AE,2.000000,753.945532,0.046041,0.298127,0.053399,4.252943,0.004034
ELOC,91,97,AANFLDC,,,6.000000,753.323600,AECR,0.000000,753.654543,0.047805,0.000000,0.000000,4.297688,0.002482
ELOC,91,97,AANFLDC,,,6.000000,753.323600,AECR,0.250000,753.947267,0.134416,0.292724,0.142664,4.317340,0.006916
ELOC,91,97,AANFLDC,,,6.000000,753.323600,AECR,0.500000,754.013859,0.109088,0.359316,0.119103,4.324636,0.001460
ELOC,91,97,AANFLDC,,,6.000000,753.323600,AECR,0.750000,754.045114,0.022688,0.390571,0.052916,4.327816,0.006974
ELOC,91,97,AANFLDC,,,6.000000,753.323600,AECR,1.000000,754.038623,0.099082,0.384080,0.110012,4.321450,0.003083
ELOC,91,97,AANFLDC,,,6.000000,753.323600,AECR,2.000000,753.865056,0.165720,0.210513,0.172478,4.315083,0.004158
