Protein;Start;End;Sequence;MaxUptake;MHP;File;z;RT;Inten;Center;% back-exchange
LptD-mature;464;474;DWYNSRNTTKL;10;1397,6808;SYJMX230330_22;1;7,812221;89451;1398,954425;97,3
LptD-mature;499;514;MLAPGYTQTLEPRAQY;13;1838,9105;SYJMX230330_20;4;8,601141;128681;460,990304;91,9
LptD-mature;499;514;MLAPGYTQTLEPRAQY;13;1838,9105;SYJMX230330_22;4;8,657036;118356;461,016459;91,1
LptD-mature;290;313;DYLPSDKVYEDEHPNDDSSRRWLF;21;2983,3493;SYJMX230330_16;3;9,955916;4314629;996,193293;89,4
LptD-mature;166;170;DNGSF;4;539,2096;SYJMX230330_20;1;6,084475;6897316;540,643189;89,2
LptD-mature;499;514;MLAPGYTQTLEPRAQY;13;1838,9105;SYJMX230330_22;1;8,59179;21558;1841,394475;88,6
LptD-mature;428;450;TRVHLEPTINLPLSNNWGSINTE;20;2605,3369;SYJMX230330_20;2;10,283822;128667;1304,847793;88,2
LptD-mature;166;170;DNGSF;4;539,2096;SYJMX230330_16;1;6,115089;4786204;540,692989;87,9
LptD-mature;454;463;LATHYQQTNL;9;1188,6008;SYJMX230330_20;2;6,346233;2418627;595,844991;87,9
LptD-mature;166;170;DNGSF;4;539,2096;SYJMX230330_22;1;6,127165;5211842;540,735335;86,9
LptD-mature;314;321;YWNHSGVM;7;993,4247;SYJMX230330_20;2;8,064369;25131742;498,195218;86,2
LptD-mature;314;321;YWNHSGVM;7;993,4247;SYJMX230330_20;1;8,064266;10576634;995,391981;86,2
LptD-mature;454;463;LATHYQQTNL;9;1188,6008;SYJMX230330_22;2;6,387558;1812220;595,938624;85,8
LptD-mature;314;321;YWNHSGVM;7;993,4247;SYJMX230330_16;2;8,116011;19648003;498,221761;85,4
LptD-mature;314;321;YWNHSGVM;7;993,4247;SYJMX230330_16;1;8,115958;8309459;995,477294;85,0
LptD-mature;314;321;YWNHSGVM;7;993,4247;SYJMX230330_22;1;8,121219;8908273;995,521815;84,3
LptD-mature;314;321;YWNHSGVM;7;993,4247;SYJMX230330_22;2;8,122182;21615651;498,265767;84,2
LptD-mature;199;203;WNARF;4;693,3467;SYJMX230330_20;1;8,610853;3484347;695,033737;82,8
LptD-mature;199;203;WNARF;4;693,3467;SYJMX230330_16;1;8,662626;2787864;695,061358;82,1
LptD-mature;528;532;YDSSL;4;584,2562;SYJMX230330_20;1;6,734751;39470418;585,999841;81,4
LptD-mature;199;203;WNARF;4;693,3467;SYJMX230330_22;1;8,659735;2997939;695,09479;81,3
LptD-mature;528;532;YDSSL;4;584,2562;SYJMX230330_16;1;6,771166;27270823;586,015982;81,0
LptD-mature;314;323;YWNHSGVMDQ;9;1236,5102;SYJMX230330_20;2;7,478296;55262321;620,112756;80,9
LptD-mature;516;527;YVPYRDQSDIYN;10;1532,7016;SYJMX230330_20;3;7,216771;1133953;512,543187;80,7
LptD-mature;314;323;YWNHSGVMDQ;9;1236,5102;SYJMX230330_16;2;7,527755;42699057;620,130116;80,6
LptD-mature;516;527;YVPYRDQSDIYN;10;1532,7016;SYJMX230330_22;3;7,256334;824342;512,550325;80,5
LptD-mature;494;499;ERDMEM;5;810,3121;SYJMX230330_20;1;6,105463;23606524;812,30504;80,1
LptD-mature;314;323;YWNHSGVMDQ;9;1236,5102;SYJMX230330_20;1;7,474264;1878128;1239,298997;80,1
LptD-mature;499;514;MLAPGYTQTLEPRAQY;13;1838,9105;SYJMX230330_20;1;8,473998;115069;1842,546401;79,7
LptD-mature;494;499;ERDMEM;5;810,3121;SYJMX230330_16;1;6,145358;15888787;812,344734;79,3
LptD-mature;314;323;YWNHSGVMDQ;9;1236,5102;SYJMX230330_16;1;7,523579;1528646;1239,372675;79,3
LptD-mature;314;323;YWNHSGVMDQ;9;1236,5102;SYJMX230330_22;2;7,535429;50550900;620,188758;79,3
LptD-mature;494;499;ERDMEM;5;810,3121;SYJMX230330_20;2;6,110431;2113626;406,688196;78,7
LptD-mature;528;532;YDSSL;4;584,2562;SYJMX230330_22;1;6,777607;33859978;586,115648;78,5
LptD-mature;314;323;YWNHSGVMDQ;9;1236,5102;SYJMX230330_22;1;7,531008;1647778;1239,48059;78,1
LptD-mature;494;499;ERDMEM;5;810,3121;SYJMX230330_16;2;6,151492;1254852;406,707334;77,9
LptD-mature;340;354;FNDFDNKYGSSTDGY;14;1729,6976;SYJMX230330_20;2;8,181313;2698672;867,40755;77,7
LptD-mature;494;499;ERDMEM;5;810,3121;SYJMX230330_22;1;6,154261;18596232;812,428492;77,7
LptD-mature;607;614;VWAGDTYW;7;997,4414;SYJMX230330_16;2;11,762171;91276;500,506641;77,5
LptD-mature;300;313;DEHPNDDSSRRWLF;12;1773,7939;SYJMX230330_16;4;9,794783;542143;445,123131;77,5
LptD-mature;607;614;VWAGDTYW;7;997,4414;SYJMX230330_20;2;11,695399;96576;500,516474;77,3
LptD-mature;300;313;DEHPNDDSSRRWLF;12;1773,7939;SYJMX230330_22;4;9,794051;715067;445,14647;76,7
LptD-mature;607;614;VWAGDTYW;7;997,4414;SYJMX230330_22;2;11,749881;95176;500,539649;76,6
LptD-mature;494;499;ERDMEM;5;810,3121;SYJMX230330_22;2;6,159431;1611795;406,743802;76,5
LptD-mature;585;606;FTESRTGDDNITWENDDKTGSL;21;2501,1063;SYJMX230330_20;3;8,394994;59532171;836,361467;76,3
LptD-mature;256;271;DATITPHYMHRRGNIM;14;1912,9269;SYJMX230330_16;3;6,553377;24418921;639,750177;76,3
LptD-mature;585;606;FTESRTGDDNITWENDDKTGSL;21;2501,1063;SYJMX230330_20;2;8,398283;8042519;1254,04766;76,2
LptD-mature;340;353;FNDFDNKYGSSTDG;13;1566,6343;SYJMX230330_20;1;7,148046;154516;1570,743906;76,1
LptD-mature;300;313;DEHPNDDSSRRWLF;12;1773,7939;SYJMX230330_22;3;9,78715;5674202;593,221893;76,1
LptD-mature;256;271;DATITPHYMHRRGNIM;14;1912,9269;SYJMX230330_20;2;6,515384;7340173;959,160895;75,8
LptD-mature;256;271;DATITPHYMHRRGNIM;14;1912,9269;SYJMX230330_16;4;6,560835;2988309;480,08754;75,5
LptD-mature;256;271;DATITPHYMHRRGNIM;14;1912,9269;SYJMX230330_20;4;6,516175;4270414;480,087563;75,5
LptD-mature;585;606;FTESRTGDDNITWENDDKTGSL;21;2501,1063;SYJMX230330_22;3;8,45132;61081920;836,414392;75,5
LptD-mature;533;540;LQSDYSGL;7;882,4203;SYJMX230330_20;1;8,251076;502871954;885,136975;75,5
LptD-mature;256;271;DATITPHYMHRRGNIM;14;1912,9269;SYJMX230330_16;2;6,556541;5176503;959,208495;75,1
LptD-mature;340;354;FNDFDNKYGSSTDGY;14;1729,6976;SYJMX230330_20;1;8,174882;35319;1734,188632;75,1
LptD-mature;585;606;FTESRTGDDNITWENDDKTGSL;21;2501,1063;SYJMX230330_22;2;8,453813;7664707;1254,173355;75,0
LptD-mature;340;354;FNDFDNKYGSSTDGY;14;1729,6976;SYJMX230330_16;2;8,236727;1916135;867,599886;75,0
LptD-mature;585;606;FTESRTGDDNITWENDDKTGSL;21;2501,1063;SYJMX230330_16;2;8,452151;5625256;1254,195366;74,8
LptD-mature;585;606;FTESRTGDDNITWENDDKTGSL;21;2501,1063;SYJMX230330_16;3;8,449316;42586891;836,464498;74,8
LptD-mature;533;540;LQSDYSGL;7;882,4203;SYJMX230330_16;1;8,295008;386161670;885,185928;74,8
LptD-mature;534;540;QSDYSGL;6;769,3363;SYJMX230330_20;1;7,581553;12163595;771,853949;74,7
LptD-mature;195;199;VAEIW;4;617,3293;SYJMX230330_20;1;10,370956;8841042;619,342241;74,7
LptD-mature;340;353;FNDFDNKYGSSTDG;13;1566,6343;SYJMX230330_22;1;7,209445;116311;1570,935886;74,6
LptD-mature;340;354;FNDFDNKYGSSTDGY;14;1729,6976;SYJMX230330_22;2;8,247296;2233005;867,629777;74,6
LptD-mature;129;140;NTKDTNVWEGDY;11;1441,623;SYJMX230330_20;2;8,781353;2429366;723,212651;74,5
LptD-mature;104;115;VDALGNVHYDDN;11;1331,5862;SYJMX230330_20;2;7,237866;1855252;668,203838;74,4
LptD-mature;129;140;NTKDTNVWEGDY;11;1441,623;SYJMX230330_16;2;8,837985;1707768;723,231662;74,2
LptD-mature;290;313;DYLPSDKVYEDEHPNDDSSRRWLF;21;2983,3493;SYJMX230330_20;5;9,900607;109455079;598,764788;73,9
LptD-mature;534;540;QSDYSGL;6;769,3363;SYJMX230330_16;1;7,62354;8482655;771,905962;73,8
LptD-mature;195;199;VAEIW;4;617,3293;SYJMX230330_16;1;10,420356;6921543;619,382163;73,7
LptD-mature;290;313;DYLPSDKVYEDEHPNDDSSRRWLF;21;2983,3493;SYJMX230330_20;4;9,90152;208883964;748,220294;73,7
LptD-mature;290;313;DYLPSDKVYEDEHPNDDSSRRWLF;21;2983,3493;SYJMX230330_20;2;9,897168;5688360;1495,497574;73,1
LptD-mature;533;540;LQSDYSGL;7;882,4203;SYJMX230330_22;1;8,299216;434361436;885,307835;73,0
LptD-mature;290;313;DYLPSDKVYEDEHPNDDSSRRWLF;21;2983,3493;SYJMX230330_16;5;9,960088;92933308;598,809842;72,9
LptD-mature;290;313;DYLPSDKVYEDEHPNDDSSRRWLF;21;2983,3493;SYJMX230330_20;3;9,899902;58017341;997,351643;72,8
LptD-mature;104;115;VDALGNVHYDDN;11;1331,5862;SYJMX230330_16;2;7,277619;1309327;668,287486;72,8
LptD-mature;290;313;DYLPSDKVYEDEHPNDDSSRRWLF;21;2983,3493;SYJMX230330_16;4;9,959817;172263645;748,270161;72,7
LptD-mature;107;116;LGNVHYDDNQ;9;1174,5123;SYJMX230330_20;2;5,539285;1692266;589,487353;72,6
LptD-mature;256;271;DATITPHYMHRRGNIM;14;1912,9269;SYJMX230330_20;3;6,594508;59590042;639,921758;72,6
LptD-mature;256;275;DATITPHYMHRRGNIMWENE;18;2471,1343;SYJMX230330_20;3;7,714173;525511724;826,370447;72,3
LptD-mature;195;199;VAEIW;4;617,3293;SYJMX230330_22;1;10,420192;7964487;619,437177;72,3
LptD-mature;454;463;LATHYQQTNL;9;1188,6008;SYJMX230330_20;1;6,298997;107422;1192,097799;72,3
LptD-mature;340;353;FNDFDNKYGSSTDG;13;1566,6343;SYJMX230330_16;1;7,194125;118291;1571,248127;72,2
LptD-mature;104;115;VDALGNVHYDDN;11;1331,5862;SYJMX230330_22;2;7,279748;1352077;668,32208;72,2
LptD-mature;534;540;QSDYSGL;6;769,3363;SYJMX230330_22;1;7,631981;9437953;772,016756;72,0
LptD-mature;369;380;NATVSTKQFQVF;11;1369,711;SYJMX230330_22;2;9,424;398742;687,398413;71,9
LptD-mature;290;313;DYLPSDKVYEDEHPNDDSSRRWLF;21;2983,3493;SYJMX230330_16;2;9,955656;4103473;1495,627781;71,9
LptD-mature;107;116;LGNVHYDDNQ;9;1174,5123;SYJMX230330_20;1;5,54448;80188;1178,063701;71,7
LptD-mature;106;116;ALGNVHYDDNQ;10;1245,5495;SYJMX230330_16;2;6,138148;1128271;625,19767;71,5
LptD-mature;429;450;RVHLEPTINLPLSNNWGSINTE;19;2504,2892;SYJMX230330_20;3;10,61717;31089141;837,576907;71,4
LptD-mature;429;450;RVHLEPTINLPLSNNWGSINTE;19;2504,2892;SYJMX230330_16;2;10,665977;1509961;1255,86953;71,3
LptD-mature;256;275;DATITPHYMHRRGNIMWENE;18;2471,1343;SYJMX230330_16;3;7,766733;395133357;826,434613;71,3
LptD-mature;106;116;ALGNVHYDDNQ;10;1245,5495;SYJMX230330_20;2;6,097254;1798317;625,211179;71,3
LptE-His-mature;123;132;FRSFFDNPQM;8;1288,5779;SYJMX230330_16;2;10,754918;9055389;646,449441;71,0
LptD-mature;428;450;TRVHLEPTINLPLSNNWGSINTE;20;2605,3369;SYJMX230330_22;2;10,332202;255501;1306,601145;70,7
LptD-mature;104;116;VDALGNVHYDDNQ;12;1459,6448;SYJMX230330_16;2;7,204192;5246479;732,587675;70,6
LptD-mature;429;450;RVHLEPTINLPLSNNWGSINTE;19;2504,2892;SYJMX230330_22;3;10,668992;27508398;837,632899;70,5
LptD-mature;256;275;DATITPHYMHRRGNIMWENE;18;2471,1343;SYJMX230330_22;3;7,766863;359964763;826,49074;70,3
LptE-His-mature;121;126;KVFRSF;5;783,4512;SYJMX230330_16;2;6,903938;514772;393,469455;70,2
LptD-mature;486;493;KVDGKMVF;7;923,5019;SYJMX230330_20;1;7,566119;22279992;926,586793;70,2
LptD-mature;107;116;LGNVHYDDNQ;9;1174,5123;SYJMX230330_16;2;5,572952;1051344;589,601318;70,1
LptD-mature;104;116;VDALGNVHYDDNQ;12;1459,6448;SYJMX230330_22;2;7,206913;5686572;732,618083;70,1
LptE-His-mature;123;132;FRSFFDNPQM;8;1288,5779;SYJMX230330_20;2;10,699804;14003557;646,489498;70,0
LptE-His-mature;121;126;KVFRSF;5;783,4512;SYJMX230330_20;2;6,859114;916465;393,477639;69,9
LptD-mature;733;751;ERKLNGWDNDKQHAVYDNA;18;2273,0694;SYJMX230330_20;5;6,22084;725220;456,697811;69,9
LptD-mature;428;450;TRVHLEPTINLPLSNNWGSINTE;20;2605,3369;SYJMX230330_20;3;10,289979;1133313;871,452973;69,9
LptD-mature;516;526;YVPYRDQSDIY;9;1418,6587;SYJMX230330_16;2;7,928819;7099431;711,686845;69,8
LptD-mature;129;140;NTKDTNVWEGDY;11;1441,623;SYJMX230330_22;2;8,852614;2335940;723,481756;69,6
LptD-mature;104;116;VDALGNVHYDDNQ;12;1459,6448;SYJMX230330_20;2;7,159686;8377398;732,648026;69,6
LptD-mature;256;271;DATITPHYMHRRGNIM;14;1912,9269;SYJMX230330_22;3;6,654671;44209662;640,064616;69,5
LptD-mature;429;450;RVHLEPTINLPLSNNWGSINTE;19;2504,2892;SYJMX230330_20;4;10,614988;12176560;628,520854;69,5
LptD-mature;429;450;RVHLEPTINLPLSNNWGSINTE;19;2504,2892;SYJMX230330_16;4;10,669371;8904332;628,525332;69,4
LptD-mature;486;493;KVDGKMVF;7;923,5019;SYJMX230330_20;2;7,565197;47564397;463,822803;69,4
LptD-mature;429;450;RVHLEPTINLPLSNNWGSINTE;19;2504,2892;SYJMX230330_16;3;10,671636;17303094;837,705582;69,3
LptD-mature;515;527;LYVPYRDQSDIYN;11;1645,7857;SYJMX230330_16;1;8,377847;713128;1650,163649;69,3
LptD-mature;428;450;TRVHLEPTINLPLSNNWGSINTE;20;2605,3369;SYJMX230330_16;4;10,362936;715483;653,874124;69,2
LptD-mature;733;751;ERKLNGWDNDKQHAVYDNA;18;2273,0694;SYJMX230330_20;2;6,20843;4797460;1140,307496;69,2
LptD-mature;77;82;QGNSRL;5;674,358;SYJMX230330_20;2;6,102454;46801;338,950588;69,1
LptD-mature;106;116;ALGNVHYDDNQ;10;1245,5495;SYJMX230330_22;2;6,149648;1140968;625,321615;69,1
LptD-mature;733;751;ERKLNGWDNDKQHAVYDNA;18;2273,0694;SYJMX230330_20;4;6,21552;28529328;570,662053;69,0
LptE-His-mature;123;132;FRSFFDNPQM;8;1288,5779;SYJMX230330_22;2;10,752909;11427410;646,531257;68,9
LptD-mature;733;751;ERKLNGWDNDKQHAVYDNA;18;2273,0694;SYJMX230330_20;3;6,211362;31090760;760,567525;68,7
LptD-mature;54;69;INADHAKGDYPDDAVF;14;1747,7922;SYJMX230330_20;2;8,305735;11437192;877,094114;68,6
LptD-mature;486;493;KVDGKMVF;7;923,5019;SYJMX230330_16;1;7,611148;11632384;926,700526;68,6
LptD-mature;340;362;FNDFDNKYGSSTDGYATQKFSVG;22;2548,1263;SYJMX230330_20;4;8,632232;12133448;639,765473;68,5
LptD-mature;516;526;YVPYRDQSDIY;9;1418,6587;SYJMX230330_20;2;7,872207;9772307;711,749745;68,4
LptD-mature;107;116;LGNVHYDDNQ;9;1174,5123;SYJMX230330_22;2;5,576117;1194990;589,678826;68,4
LptD-mature;428;450;TRVHLEPTINLPLSNNWGSINTE;20;2605,3369;SYJMX230330_16;3;10,343696;754725;871,555549;68,4
LptD-mature;54;69;INADHAKGDYPDDAVF;14;1747,7922;SYJMX230330_16;2;8,3187;6745231;877,111592;68,4
LptD-mature;759;773;RGLSSNYGLGTQEML;14;1625,7952;SYJMX230330_20;1;9,701937;97710;1631,228623;68,3
LptD-mature;515;527;LYVPYRDQSDIYN;11;1645,7857;SYJMX230330_22;1;8,376638;810341;1650,271902;68,3
LptD-mature;515;527;LYVPYRDQSDIYN;11;1645,7857;SYJMX230330_20;2;8,345661;77239919;825,641658;68,2
LptD-mature;428;450;TRVHLEPTINLPLSNNWGSINTE;20;2605,3369;SYJMX230330_20;4;10,318635;442063;653,926301;68,2
LptD-mature;428;450;TRVHLEPTINLPLSNNWGSINTE;20;2605,3369;SYJMX230330_22;3;10,326335;800044;871,569055;68,1
LptD-mature;340;362;FNDFDNKYGSSTDGYATQKFSVG;22;2548,1263;SYJMX230330_16;4;8,685807;10181895;639,786804;68,1
LptD-mature;486;493;KVDGKMVF;7;923,5019;SYJMX230330_16;2;7,610334;27872551;463,869366;68,0
LptD-mature;486;493;KVDGKMVF;7;923,5019;SYJMX230330_22;1;7,607865;14319859;926,75156;67,9
LptD-mature;525;532;IYNYDSSL;7;974,4466;SYJMX230330_16;1;8,954058;4204226;977,698853;67,8
LptE-His-mature;133;142;ALAKDNEQDM;9;1134,5096;SYJMX230330_20;1;5,235559;540301;1138,421717;67,6
LptD-mature;516;527;YVPYRDQSDIYN;10;1532,7016;SYJMX230330_20;2;7,182499;91503904;768,96966;67,6
LptD-mature;515;527;LYVPYRDQSDIYN;11;1645,7857;SYJMX230330_20;1;8,326596;1191700;1650,353409;67,6
LptD-mature;454;463;LATHYQQTNL;9;1188,6008;SYJMX230330_22;1;6,341139;133622;1192,532452;67,4
LptD-mature;54;69;INADHAKGDYPDDAVF;14;1747,7922;SYJMX230330_22;2;8,322056;8089093;877,187268;67,3
LptD-mature;733;751;ERKLNGWDNDKQHAVYDNA;18;2273,0694;SYJMX230330_22;4;6,269693;21900711;570,745265;67,2
LptE-His-mature;121;126;KVFRSF;5;783,4512;SYJMX230330_22;2;6,907241;565453;393,549589;67,0
LptD-mature;733;751;ERKLNGWDNDKQHAVYDNA;18;2273,0694;SYJMX230330_22;5;6,275562;535797;456,801594;67,0
LptD-mature;516;527;YVPYRDQSDIYN;10;1532,7016;SYJMX230330_16;2;7,228875;61816588;769,013542;66,7
LptD-mature;429;450;RVHLEPTINLPLSNNWGSINTE;19;2504,2892;SYJMX230330_20;2;10,611096;4502605;1256,308274;66,7
LptD-mature;733;751;ERKLNGWDNDKQHAVYDNA;18;2273,0694;SYJMX230330_22;2;6,264159;3499575;1140,535191;66,7
LptD-mature;486;493;KVDGKMVF;7;923,5019;SYJMX230330_22;2;7,607682;32537731;463,920332;66,6
LptD-mature;515;527;LYVPYRDQSDIYN;11;1645,7857;SYJMX230330_16;2;8,393101;51494370;825,73553;66,5
LptD-mature;733;751;ERKLNGWDNDKQHAVYDNA;18;2273,0694;SYJMX230330_22;3;6,265987;22601941;760,703711;66,4
LptD-mature;733;751;ERKLNGWDNDKQHAVYDNA;18;2273,0694;SYJMX230330_16;3;6,256966;20156485;760,705755;66,4
LptE-His-mature;127;134;FDNPQMAL;6;935,4291;SYJMX230330_16;2;9,471474;376566;469,723559;66,4
LptD-mature;340;353;FNDFDNKYGSSTDG;13;1566,6343;SYJMX230330_20;2;7,128591;6091797;786,504159;66,4
LptE-His-mature;133;142;ALAKDNEQDM;9;1134,5096;SYJMX230330_16;1;5,2436;564688;1138,544599;66,3
LptD-mature;340;353;FNDFDNKYGSSTDG;13;1566,6343;SYJMX230330_22;2;7,188314;4380818;786,518342;66,1
LptD-mature;180;186;WSVVGSE;6;763,3621;SYJMX230330_20;1;8,701638;27236493;766,396658;66,1
LptD-mature;516;526;YVPYRDQSDIY;9;1418,6587;SYJMX230330_22;2;7,927795;8001578;711,857594;66,0
LptD-mature;75;82;IMQGNSRL;7;918,4826;SYJMX230330_20;2;6,100572;5794712;461,435821;65,9
LptD-mature;564;571;SRIYDDAA;7;910,4265;SYJMX230330_16;1;5,58547;758760;913,815815;65,9
LptD-mature;525;532;IYNYDSSL;7;974,4466;SYJMX230330_22;1;8,958778;4729517;977,845149;65,7
LptD-mature;759;773;RGLSSNYGLGTQEML;14;1625,7952;SYJMX230330_20;3;9,706674;1645318;544,531021;65,7
LptD-mature;187;198;IIHDREEQVAEI;11;1451,7489;SYJMX230330_22;1;6,922406;279037;1456,522358;65,7
LptE-His-mature;127;134;FDNPQMAL;6;935,4291;SYJMX230330_20;2;9,430447;620630;469,745603;65,6
LptD-mature;564;571;SRIYDDAA;7;910,4265;SYJMX230330_20;1;5,549677;1093645;913,834447;65,6
LptD-mature;129;139;NTKDTNVWEGD;10;1278,5597;SYJMX230330_20;2;7,147894;12950172;642,000779;65,6
LptE-His-mature;133;142;ALAKDNEQDM;9;1134,5096;SYJMX230330_20;2;5,232583;3013330;569,804904;65,6
LptD-mature;154;165;MKQRGENRYTIL;11;1508,8002;SYJMX230330_20;1;7,164793;445969;1513,613537;65,3
LptD-mature;187;198;IIHDREEQVAEI;11;1451,7489;SYJMX230330_20;1;6,891671;394996;1456,575991;65,2
LptD-mature;515;527;LYVPYRDQSDIYN;11;1645,7857;SYJMX230330_22;2;8,391871;66110433;825,812327;65,1
LptD-mature;154;165;MKQRGENRYTIL;11;1508,8002;SYJMX230330_20;2;7,16391;72485057;757,320476;65,1
LptE-His-mature;123;134;FRSFFDNPQMAL;10;1472,6991;SYJMX230330_20;2;11,747971;66292702;739,096762;65,1
LptD-mature;75;82;IMQGNSRL;7;918,4826;SYJMX230330_16;1;6,130741;2481452;921,929446;65,0
LptE-His-mature;123;134;FRSFFDNPQMAL;10;1472,6991;SYJMX230330_16;2;11,801922;43154588;739,099552;65,0
LptD-mature;516;527;YVPYRDQSDIYN;10;1532,7016;SYJMX230330_20;1;7,184221;1491891;1537,204105;65,0
LptD-mature;314;327;YWNHSGVMDQVWRF;13;1824,8275;SYJMX230330_20;3;11,362439;262653892;610,79551;64,9
LptD-mature;129;139;NTKDTNVWEGD;10;1278,5597;SYJMX230330_16;2;7,196027;8714769;642,035947;64,9
LptD-mature;75;82;IMQGNSRL;7;918,4826;SYJMX230330_20;1;6,093886;3977530;921,941943;64,9
LptD-mature;516;527;YVPYRDQSDIYN;10;1532,7016;SYJMX230330_22;2;7,23493;73347661;769,112723;64,8
LptD-mature;525;532;IYNYDSSL;7;974,4466;SYJMX230330_20;1;8,912525;5408046;977,915088;64,7
LptD-mature;83;89;QADEVQL;6;802,3941;SYJMX230330_16;1;8,227361;7649195;805,515808;64,6
LptD-mature;340;353;FNDFDNKYGSSTDG;13;1566,6343;SYJMX230330_16;2;7,177172;4376117;786,621363;64,6
LptD-mature;314;327;YWNHSGVMDQVWRF;13;1824,8275;SYJMX230330_16;3;11,420286;219271136;610,813201;64,5
LptD-mature;83;89;QADEVQL;6;802,3941;SYJMX230330_20;1;8,169233;10319062;805,529471;64,4
LptD-mature;198;203;IWNARF;5;806,4308;SYJMX230330_20;2;9,429851;776535;405,106277;64,4
LptD-mature;181;194;SVVGSEIIHDREEQ;13;1597,7816;SYJMX230330_16;1;6,828548;191074;1603,416553;64,3
LptD-mature;516;527;YVPYRDQSDIYN;10;1532,7016;SYJMX230330_16;1;7,229883;963524;1537,27292;64,3
LptD-mature;154;165;MKQRGENRYTIL;11;1508,8002;SYJMX230330_20;3;7,165699;56784968;505,243461;64,3
LptD-mature;154;165;MKQRGENRYTIL;11;1508,8002;SYJMX230330_16;2;7,209592;41933739;757,366213;64,3
LptD-mature;564;571;SRIYDDAA;7;910,4265;SYJMX230330_22;1;5,588518;834776;913,933305;64,2
LptE-His-mature;133;142;ALAKDNEQDM;9;1134,5096;SYJMX230330_16;2;5,243823;2919917;569,869453;64,1
LptD-mature;340;362;FNDFDNKYGSSTDGYATQKFSVG;22;2548,1263;SYJMX230330_22;4;8,690619;12001253;640,009985;64,0
LptD-mature;187;198;IIHDREEQVAEI;11;1451,7489;SYJMX230330_16;1;6,925136;261814;1456,707928;64,0
LptE-His-mature;127;134;FDNPQMAL;6;935,4291;SYJMX230330_22;2;9,467371;422595;469,794785;64,0
LptE-His-mature;63;77;LDKETTRKDVPSLRL;13;1771,0072;SYJMX230330_20;4;7,187413;6391292;444,922934;64,0
LptD-mature;129;139;NTKDTNVWEGD;10;1278,5597;SYJMX230330_20;1;7,155647;911423;1283,176788;63,8
LptD-mature;759;773;RGLSSNYGLGTQEML;14;1625,7952;SYJMX230330_16;3;9,754374;1242723;544,620915;63,8
LptD-mature;154;165;MKQRGENRYTIL;11;1508,8002;SYJMX230330_16;3;7,210935;37443583;505,261327;63,8
LptD-mature;464;474;DWYNSRNTTKL;10;1397,6808;SYJMX230330_20;3;8,125032;8300803;468,104784;63,7
LptD-mature;187;198;IIHDREEQVAEI;11;1451,7489;SYJMX230330_16;2;6,924512;6018945;728,873708;63,6
LptD-mature;464;474;DWYNSRNTTKL;10;1397,6808;SYJMX230330_16;1;8,177721;466664;1402,315981;63,6
LptE-His-mature;63;77;LDKETTRKDVPSLRL;13;1771,0072;SYJMX230330_16;4;7,230545;4251092;444,93606;63,6
LptD-mature;759;773;RGLSSNYGLGTQEML;14;1625,7952;SYJMX230330_22;3;9,751532;1309832;544,635549;63,5
LptD-mature;187;198;IIHDREEQVAEI;11;1451,7489;SYJMX230330_20;2;6,883451;8394460;728,886097;63,4
LptD-mature;322;327;DQVWRF;5;850,4206;SYJMX230330_22;1;10,503042;23429067;853,249547;63,4
LptD-mature;464;474;DWYNSRNTTKL;10;1397,6808;SYJMX230330_20;2;8,121462;48418200;701,669898;63,4
LptE-His-mature;133;142;ALAKDNEQDM;9;1134,5096;SYJMX230330_22;1;5,249719;762457;1138,802757;63,4
LptD-mature;129;142;NTKDTNVWEGDYQM;13;1700,7221;SYJMX230330_20;2;9,432621;11685062;853,740468;63,4
LptD-mature;129;139;NTKDTNVWEGD;10;1278,5597;SYJMX230330_22;2;7,207215;10067133;642,113049;63,3
LptD-mature;180;186;WSVVGSE;6;763,3621;SYJMX230330_16;1;8,771222;23793769;766,562219;63,3
LptD-mature;322;327;DQVWRF;5;850,4206;SYJMX230330_16;1;10,500727;21150758;853,254211;63,3
LptE-His-mature;64;89;DKETTRKDVPSLRLGKVSIAKDTASV;24;2814,5683;SYJMX230330_22;5;7,271375;1899587;565,674279;63,3
LptD-mature;75;82;IMQGNSRL;7;918,4826;SYJMX230330_22;1;6,130626;2663151;922,050943;63,3
LptD-mature;322;327;DQVWRF;5;850,4206;SYJMX230330_20;1;10,44483;29100868;853,25954;63,2
LptD-mature;198;203;IWNARF;5;806,4308;SYJMX230330_16;2;9,485508;535098;405,135125;63,2
LptE-His-mature;123;134;FRSFFDNPQMAL;10;1472,6991;SYJMX230330_22;2;11,790262;60372348;739,191597;63,2
LptE-His-mature;133;142;ALAKDNEQDM;9;1134,5096;SYJMX230330_22;2;5,24914;3829746;569,913332;63,1
LptD-mature;340;362;FNDFDNKYGSSTDGYATQKFSVG;22;2548,1263;SYJMX230330_20;3;8,629343;294711416;853,084143;63,1
LptD-mature;129;140;NTKDTNVWEGDY;11;1441,623;SYJMX230330_16;1;8,843384;121411;1446,690877;63,0
LptD-mature;464;474;DWYNSRNTTKL;10;1397,6808;SYJMX230330_16;2;8,176262;29697231;701,692028;63,0
LptD-mature;314;327;YWNHSGVMDQVWRF;13;1824,8275;SYJMX230330_22;3;11,412456;225005978;610,882945;62,9
LptD-mature;290;299;DYLPSDKVYE;8;1228,5732;SYJMX230330_20;1;7,875508;883475;1232,540615;62,9
LptD-mature;181;194;SVVGSEIIHDREEQ;13;1597,7816;SYJMX230330_20;2;6,790982;38848004;802,309809;62,8
LptD-mature;129;142;NTKDTNVWEGDYQM;13;1700,7221;SYJMX230330_16;2;9,489086;8397596;853,783398;62,7
LptE-His-mature;63;77;LDKETTRKDVPSLRL;13;1771,0072;SYJMX230330_16;2;7,227895;2827954;888,926569;62,7
LptD-mature;381;394;SEQNTSSYSAEPQL;12;1540,6762;SYJMX230330_20;2;7,93051;227794000;773,577249;62,7
LptD-mature;464;474;DWYNSRNTTKL;10;1397,6808;SYJMX230330_16;3;8,179852;5418486;468,137619;62,7
LptE-His-mature;63;77;LDKETTRKDVPSLRL;13;1771,0072;SYJMX230330_20;3;7,183125;21935266;592,957274;62,6
LptD-mature;181;194;SVVGSEIIHDREEQ;13;1597,7816;SYJMX230330_16;3;6,836128;8505181;535,22007;62,5
LptD-mature;154;165;MKQRGENRYTIL;11;1508,8002;SYJMX230330_22;3;7,207932;39680011;505,31095;62,4
LptE-His-mature;98;102;YQMIM;4;685,3048;SYJMX230330_20;1;9,888013;21231335;687,80864;62,4
LptD-mature;340;362;FNDFDNKYGSSTDGYATQKFSVG;22;2548,1263;SYJMX230330_20;2;8,628186;35295964;1279,199951;62,4
LptE-His-mature;63;77;LDKETTRKDVPSLRL;13;1771,0072;SYJMX230330_20;2;7,186308;4246945;888,950147;62,4
LptD-mature;154;165;MKQRGENRYTIL;11;1508,8002;SYJMX230330_22;1;7,204087;299624;1513,941879;62,3
LptD-mature;381;394;SEQNTSSYSAEPQL;12;1540,6762;SYJMX230330_16;2;7,972246;161387081;773,597554;62,3
LptE-His-mature;64;89;DKETTRKDVPSLRLGKVSIAKDTASV;24;2814,5683;SYJMX230330_20;3;7,233565;2212168;942,210125;62,2
LptE-His-mature;63;89;LDKETTRKDVPSLRLGKVSIAKDTASV;25;2927,6524;SYJMX230330_20;4;7,247493;22655227;735,275006;62,2
LptD-mature;70;82;TGSVDIMQGNSRL;12;1377,6791;SYJMX230330_20;1;8,315327;3623351;1383,217414;62,2
LptE-His-mature;63;77;LDKETTRKDVPSLRL;13;1771,0072;SYJMX230330_22;4;7,22341;4919427;444,981321;62,2
LptE-His-mature;64;89;DKETTRKDVPSLRLGKVSIAKDTASV;24;2814,5683;SYJMX230330_20;4;7,23556;5541704;706,911988;62,2
LptE-His-mature;64;89;DKETTRKDVPSLRLGKVSIAKDTASV;24;2814,5683;SYJMX230330_16;3;7,272721;1327442;942,217436;62,1
LptD-mature;70;82;TGSVDIMQGNSRL;12;1377,6791;SYJMX230330_20;2;8,322236;107757080;692,110815;62,1
LptD-mature;51;66;PVTINADHAKGDYPDD;13;1727,7871;SYJMX230330_20;2;5,994759;546336;867,359484;62,1
LptD-mature;197;203;EIWNARF;6;935,4734;SYJMX230330_20;2;10,078267;1096167;469,876398;62,0
LptD-mature;198;203;IWNARF;5;806,4308;SYJMX230330_22;2;9,486456;577581;405,166252;62,0
LptE-His-mature;64;89;DKETTRKDVPSLRLGKVSIAKDTASV;24;2814,5683;SYJMX230330_22;3;7,264275;1638809;942,233547;61,9
LptE-His-mature;64;89;DKETTRKDVPSLRLGKVSIAKDTASV;24;2814,5683;SYJMX230330_16;5;7,27687;1318065;565,741772;61,9
LptD-mature;421;450;RDDMPEATRVHLEPTINLPLSNNWGSINTE;26;3419,6648;SYJMX230330_20;2;10,488145;498797;1715,788444;61,9
LptD-mature;154;165;MKQRGENRYTIL;11;1508,8002;SYJMX230330_22;2;7,206127;46029433;757,49825;61,9
LptD-mature;129;142;NTKDTNVWEGDYQM;13;1700,7221;SYJMX230330_22;2;9,498287;9519827;853,843893;61,8
LptD-mature;340;362;FNDFDNKYGSSTDGYATQKFSVG;22;2548,1263;SYJMX230330_16;3;8,682666;232445885;853,176913;61,8
LptD-mature;180;186;WSVVGSE;6;763,3621;SYJMX230330_22;1;8,776001;23921347;766,65777;61,7
LptE-His-mature;63;77;LDKETTRKDVPSLRL;13;1771,0072;SYJMX230330_16;3;7,224853;13347756;592,99613;61,7
LptE-His-mature;143;154;IVKEMYDRAAEQ;11;1452,7151;SYJMX230330_16;3;6,145139;1690972;486,64357;61,7
LptE-His-mature;63;89;LDKETTRKDVPSLRLGKVSIAKDTASV;25;2927,6524;SYJMX230330_20;5;7,238782;26011860;588,447678;61,7
LptD-mature;154;165;MKQRGENRYTIL;11;1508,8002;SYJMX230330_16;1;7,212749;315204;1514,018394;61,7
LptD-mature;756;772;IELRGLSSNYGLGTQEM;16;1867,9218;SYJMX230330_20;2;9,76435;50006865;938,032034;61,6
LptD-mature;51;66;PVTINADHAKGDYPDD;13;1727,7871;SYJMX230330_16;2;6,032932;388922;867,393019;61,5
LptD-mature;759;773;RGLSSNYGLGTQEML;14;1625,7952;SYJMX230330_20;2;9,702895;86790216;816,592503;61,5
LptD-mature;340;362;FNDFDNKYGSSTDGYATQKFSVG;22;2548,1263;SYJMX230330_16;2;8,682394;26164545;1279,302627;61,5
LptE-His-mature;63;89;LDKETTRKDVPSLRLGKVSIAKDTASV;25;2927,6524;SYJMX230330_16;6;7,288535;1993570;490,549209;61,4
LptD-mature;51;66;PVTINADHAKGDYPDD;13;1727,7871;SYJMX230330_22;2;6,038596;484548;867,405046;61,4
LptD-mature;140;153;YQMVGRQGRGKADL;13;1578,8169;SYJMX230330_20;2;5,765408;6142349;792,924379;61,3
LptD-mature;142;153;MVGRQGRGKADL;11;1287,695;SYJMX230330_20;3;5,785642;232283;431,651399;61,3
LptD-mature;204;211;KVGPVPIF;5;856,5291;SYJMX230330_20;1;9,916286;62731174;859,46778;61,2
LptD-mature;454;463;LATHYQQTNL;9;1188,6008;SYJMX230330_16;1;6,688034;25345065;1193,093257;61,2
LptD-mature;51;66;PVTINADHAKGDYPDD;13;1727,7871;SYJMX230330_20;3;6,000113;1140256;578,61165;61,2
LptD-mature;70;82;TGSVDIMQGNSRL;12;1377,6791;SYJMX230330_16;2;8,367581;69328186;692,171083;61,1
LptD-mature;454;463;LATHYQQTNL;9;1188,6008;SYJMX230330_16;2;6,683665;458798394;597,049437;61,1
LptE-His-mature;98;102;YQMIM;4;685,3048;SYJMX230330_16;1;9,935814;11063140;687,864086;61,0
LptD-mature;87;116;VQLHQKEAPGQPEPVRTVDALGNVHYDDNQ;26;3354,6462;SYJMX230330_20;5;7,434143;33574757;673,960143;60,9
LptD-mature;87;116;VQLHQKEAPGQPEPVRTVDALGNVHYDDNQ;26;3354,6462;SYJMX230330_20;3;7,437174;12469553;1122,601592;60,9
LptE-His-mature;63;89;LDKETTRKDVPSLRLGKVSIAKDTASV;25;2927,6524;SYJMX230330_16;4;7,287023;13031353;735,3551;60,9
LptE-His-mature;143;154;IVKEMYDRAAEQ;11;1452,7151;SYJMX230330_20;3;6,100987;2380680;486,674052;60,8
LptD-mature;381;394;SEQNTSSYSAEPQL;12;1540,6762;SYJMX230330_22;2;7,976458;185910197;773,687476;60,8
LptD-mature;204;211;KVGPVPIF;5;856,5291;SYJMX230330_16;2;9,96333;7234219;430,244402;60,8
LptD-mature;181;194;SVVGSEIIHDREEQ;13;1597,7816;SYJMX230330_16;2;6,831587;23896730;802,438583;60,8
LptE-His-mature;143;154;IVKEMYDRAAEQ;11;1452,7151;SYJMX230330_16;2;6,148666;4326089;729,514297;60,8
LptD-mature;87;116;VQLHQKEAPGQPEPVRTVDALGNVHYDDNQ;26;3354,6462;SYJMX230330_20;4;7,4376;42815046;842,211092;60,8
LptD-mature;340;362;FNDFDNKYGSSTDGYATQKFSVG;22;2548,1263;SYJMX230330_22;3;8,687639;265437649;853,253927;60,7
LptE-His-mature;143;154;IVKEMYDRAAEQ;11;1452,7151;SYJMX230330_20;2;6,102893;6030387;729,516586;60,7
LptE-His-mature;63;89;LDKETTRKDVPSLRLGKVSIAKDTASV;25;2927,6524;SYJMX230330_16;5;7,277454;14113659;588,493749;60,7
LptD-mature;140;153;YQMVGRQGRGKADL;13;1578,8169;SYJMX230330_20;4;5,772141;2953834;396,982298;60,7
LptE-His-mature;64;89;DKETTRKDVPSLRLGKVSIAKDTASV;24;2814,5683;SYJMX230330_16;4;7,274416;3167960;707,004888;60,6
LptD-mature;140;153;YQMVGRQGRGKADL;13;1578,8169;SYJMX230330_16;4;5,814;1832979;396,98439;60,6
LptE-His-mature;63;77;LDKETTRKDVPSLRL;13;1771,0072;SYJMX230330_22;3;7,21801;14538154;593,043661;60,6
LptD-mature;197;203;EIWNARF;6;935,4734;SYJMX230330_16;2;10,132505;765460;469,919902;60,6
LptD-mature;140;153;YQMVGRQGRGKADL;13;1578,8169;SYJMX230330_20;3;5,770412;7109727;528,98179;60,6
LptD-mature;187;198;IIHDREEQVAEI;11;1451,7489;SYJMX230330_22;2;6,882654;7024176;729,046469;60,5
LptD-mature;87;116;VQLHQKEAPGQPEPVRTVDALGNVHYDDNQ;26;3354,6462;SYJMX230330_16;5;7,477255;18274676;673,984198;60,5
LptD-mature;140;153;YQMVGRQGRGKADL;13;1578,8169;SYJMX230330_16;2;5,807673;4054052;792,982418;60,4
LptD-mature;756;772;IELRGLSSNYGLGTQEM;16;1867,9218;SYJMX230330_16;2;9,902367;41246669;938,12909;60,4
LptD-mature;212;235;YSPYLQLPVGDKRRSGFLIPNAKY;20;2782,5039;SYJMX230330_20;4;9,413185;39147946;698,606712;60,4
LptD-mature;340;362;FNDFDNKYGSSTDGYATQKFSVG;22;2548,1263;SYJMX230330_22;2;8,686938;28654640;1279,427273;60,3
LptD-mature;204;211;KVGPVPIF;5;856,5291;SYJMX230330_16;1;9,958799;37536859;859,5145;60,3
LptD-mature;83;89;QADEVQL;6;802,3941;SYJMX230330_22;1;8,196406;6584353;805,778182;60,3
LptE-His-mature;63;97;LDKETTRKDVPSLRLGKVSIAKDTASVFRNGQTAE;33;3831,0723;SYJMX230330_20;6;7,816261;71123655;641,699822;60,2
LptE-His-mature;63;89;LDKETTRKDVPSLRLGKVSIAKDTASV;25;2927,6524;SYJMX230330_16;3;7,285966;3894710;980,201033;60,2
LptE-His-mature;63;77;LDKETTRKDVPSLRL;13;1771,0072;SYJMX230330_22;2;7,220321;2924534;889,092642;60,2
LptD-mature;75;81;IMQGNSR;6;805,3985;SYJMX230330_22;1;6,128549;596900;808,789477;60,2
LptD-mature;703;717;YYYDTNANKQADSML;14;1796,7796;SYJMX230330_20;3;8,899444;40961609;601,787728;60,1
LptD-mature;51;66;PVTINADHAKGDYPDD;13;1727,7871;SYJMX230330_22;3;6,04281;1204775;578,66035;60,0
LptD-mature;87;116;VQLHQKEAPGQPEPVRTVDALGNVHYDDNQ;26;3354,6462;SYJMX230330_16;3;7,481496;6550266;1122,684254;60,0
LptD-mature;759;773;RGLSSNYGLGTQEML;14;1625,7952;SYJMX230330_16;2;9,75381;68150088;816,700401;60,0
LptD-mature;421;450;RDDMPEATRVHLEPTINLPLSNNWGSINTE;26;3419,6648;SYJMX230330_20;4;10,463975;11937971;858,519353;60,0
LptD-mature;756;772;IELRGLSSNYGLGTQEM;16;1867,9218;SYJMX230330_22;2;9,82056;40219005;938,171772;59,9
LptD-mature;181;194;SVVGSEIIHDREEQ;13;1597,7816;SYJMX230330_22;2;6,831324;28097650;802,499702;59,9
LptE-His-mature;63;89;LDKETTRKDVPSLRLGKVSIAKDTASV;25;2927,6524;SYJMX230330_22;5;7,271578;19582606;588,5415;59,8
LptD-mature;142;153;MVGRQGRGKADL;11;1287,695;SYJMX230330_16;3;5,825981;198023;431,708487;59,7
LptE-His-mature;143;154;IVKEMYDRAAEQ;11;1452,7151;SYJMX230330_22;2;6,147993;4596069;729,573529;59,7
LptE-His-mature;64;89;DKETTRKDVPSLRLGKVSIAKDTASV;24;2814,5683;SYJMX230330_22;4;7,266142;4057290;707,059589;59,7
LptD-mature;399;414;YQNDVGPFDTRIYGQA;14;1843,861;SYJMX230330_20;3;9,690746;2016861;617,50092;59,7
LptD-mature;140;153;YQMVGRQGRGKADL;13;1578,8169;SYJMX230330_16;3;5,812266;4641366;529,021515;59,6
LptD-mature;87;116;VQLHQKEAPGQPEPVRTVDALGNVHYDDNQ;26;3354,6462;SYJMX230330_16;4;7,481918;24504109;842,286518;59,6
LptD-mature;197;203;EIWNARF;6;935,4734;SYJMX230330_22;2;10,131276;835144;469,949079;59,6
LptD-mature;142;153;MVGRQGRGKADL;11;1287,695;SYJMX230330_22;3;5,825202;216607;431,715753;59,5
LptD-mature;70;82;TGSVDIMQGNSRL;12;1377,6791;SYJMX230330_22;2;8,365269;84970259;692,273156;59,4
LptE-His-mature;98;102;YQMIM;4;685,3048;SYJMX230330_22;1;9,935314;15322975;687,928681;59,4
LptD-mature;428;450;TRVHLEPTINLPLSNNWGSINTE;20;2605,3369;SYJMX230330_22;4;10,353487;409906;654,364455;59,4
LptD-mature;75;81;IMQGNSR;6;805,3985;SYJMX230330_16;1;6,128853;599589;808,842744;59,3
LptD-mature;759;772;RGLSSNYGLGTQEM;13;1512,7111;SYJMX230330_20;2;8,411311;238610188;760,004515;59,2
LptD-mature;363;370;YAVQNFNA;7;926,4367;SYJMX230330_20;2;7,923047;1093597;465,648975;59,1
LptD-mature;75;81;IMQGNSR;6;805,3985;SYJMX230330_20;1;6,094882;893047;808,851602;59,1
LptD-mature;87;116;VQLHQKEAPGQPEPVRTVDALGNVHYDDNQ;26;3354,6462;SYJMX230330_22;5;7,471931;27984373;674,057132;59,1
LptD-mature;703;717;YYYDTNANKQADSML;14;1796,7796;SYJMX230330_16;3;8,951414;34600978;601,840995;59,0
LptD-mature;204;211;KVGPVPIF;5;856,5291;SYJMX230330_22;2;9,946218;7982837;430,291196;58,9
LptD-mature;87;116;VQLHQKEAPGQPEPVRTVDALGNVHYDDNQ;26;3354,6462;SYJMX230330_22;4;7,475351;33408156;842,33409;58,9
LptE-His-mature;63;97;LDKETTRKDVPSLRLGKVSIAKDTASVFRNGQTAE;33;3831,0723;SYJMX230330_20;5;7,81975;72641374;769,931537;58,8
LptD-mature;87;116;VQLHQKEAPGQPEPVRTVDALGNVHYDDNQ;26;3354,6462;SYJMX230330_22;3;7,475676;8728008;1122,787449;58,8
LptD-mature;759;773;RGLSSNYGLGTQEML;14;1625,7952;SYJMX230330_22;2;9,749431;66107570;816,785012;58,8
LptE-His-mature;63;89;LDKETTRKDVPSLRLGKVSIAKDTASV;25;2927,6524;SYJMX230330_22;4;7,276741;14207233;735,492036;58,7
LptD-mature;428;450;TRVHLEPTINLPLSNNWGSINTE;20;2605,3369;SYJMX230330_16;2;10,366603;158602;1307,797025;58,7
LptD-mature;558;571;VTTGVTSRIYDDAA;13;1468,7278;SYJMX230330_20;2;7,402579;53720666;738,047525;58,7
LptD-mature;558;571;VTTGVTSRIYDDAA;13;1468,7278;SYJMX230330_20;1;7,409113;1011979;1475,095317;58,7
LptD-mature;204;211;KVGPVPIF;5;856,5291;SYJMX230330_22;1;9,942127;41106842;859,597962;58,6
LptD-mature;759;772;RGLSSNYGLGTQEM;13;1512,7111;SYJMX230330_20;1;8,414986;3891331;1519,112692;58,4
LptD-mature;70;78;TGSVDIMQG;8;907,419;SYJMX230330_20;1;7,53833;1563224;911,74322;58,4
LptD-mature;421;450;RDDMPEATRVHLEPTINLPLSNNWGSINTE;26;3419,6648;SYJMX230330_22;4;10,492274;10629840;858,622188;58,4
LptD-mature;464;474;DWYNSRNTTKL;10;1397,6808;SYJMX230330_20;1;8,123568;699714;1402,844265;58,4
LptE-His-mature;63;97;LDKETTRKDVPSLRLGKVSIAKDTASVFRNGQTAE;33;3831,0723;SYJMX230330_20;3;7,808133;7702694;1282,620555;58,2
LptD-mature;77;82;QGNSRL;5;674,358;SYJMX230330_20;1;6,098273;1301522;677,454638;58,1
LptE-His-mature;63;97;LDKETTRKDVPSLRLGKVSIAKDTASVFRNGQTAE;33;3831,0723;SYJMX230330_20;4;7,817787;52351332;962,227628;58,1
LptE-His-mature;143;154;IVKEMYDRAAEQ;11;1452,7151;SYJMX230330_22;3;6,151098;1817435;486,776008;58,1
LptD-mature;90;116;HQKEAPGQPEPVRTVDALGNVHYDDNQ;23;3014,4351;SYJMX230330_20;4;7,365591;23599012;757,022116;58,0
LptD-mature;290;299;DYLPSDKVYE;8;1228,5732;SYJMX230330_20;2;7,878315;6490695;616,969856;57,9
LptD-mature;212;240;YSPYLQLPVGDKRRSGFLIPNAKYTTTNY;25;3362,7532;SYJMX230330_20;4;9,464579;421819739;844,330062;57,7
LptD-mature;759;772;RGLSSNYGLGTQEM;13;1512,7111;SYJMX230330_16;2;8,461674;201964113;760,103047;57,7
LptD-mature;558;571;VTTGVTSRIYDDAA;13;1468,7278;SYJMX230330_16;2;7,444022;38369412;738,112133;57,7
LptD-mature;516;527;YVPYRDQSDIYN;10;1532,7016;SYJMX230330_22;1;7,235892;1104192;1537,929797;57,7
LptD-mature;140;153;YQMVGRQGRGKADL;13;1578,8169;SYJMX230330_22;2;5,811108;4152311;793,160061;57,7
LptD-mature;399;414;YQNDVGPFDTRIYGQA;14;1843,861;SYJMX230330_22;3;9,747458;1718905;617,599343;57,6
LptD-mature;212;240;YSPYLQLPVGDKRRSGFLIPNAKYTTTNY;25;3362,7532;SYJMX230330_16;5;9,520094;283157543;675,673224;57,5
LptD-mature;421;450;RDDMPEATRVHLEPTINLPLSNNWGSINTE;26;3419,6648;SYJMX230330_16;4;10,510353;8149465;858,676005;57,5
LptD-mature;464;485;DWYNSRNTTKLDESVNRVMPQF;20;2700,2835;SYJMX230330_20;4;10,188086;167564957;678,196073;57,5
LptD-mature;75;84;IMQGNSRLQA;9;1117,5783;SYJMX230330_16;1;5,986576;296585;1122,408791;57,4
LptD-mature;117;128;VILKGPKGWANL;10;1295,7834;SYJMX230330_20;3;9,277355;6780398;434,346702;57,4
LptD-mature;90;116;HQKEAPGQPEPVRTVDALGNVHYDDNQ;23;3014,4351;SYJMX230330_20;3;7,318681;7863209;1009,076287;57,4
LptE-His-mature;156;171;IRKLPSIRAADIRSDE;14;1840,0399;SYJMX230330_16;2;6,660283;1705948;924,000677;57,4
LptD-mature;129;139;NTKDTNVWEGD;10;1278,5597;SYJMX230330_22;1;7,215425;777962;1283,820043;57,4
LptD-mature;51;66;PVTINADHAKGDYPDD;13;1727,7871;SYJMX230330_16;3;6,03872;818561;578,776047;57,4
LptD-mature;129;139;NTKDTNVWEGD;10;1278,5597;SYJMX230330_16;1;7,207862;746122;1283,824145;57,4
LptD-mature;25;32;ADLASQCM;7;838,3434;SYJMX230330_16;1;8,230134;486159;842,330746;57,3
LptD-mature;703;717;YYYDTNANKQADSML;14;1796,7796;SYJMX230330_22;3;8,957612;33662473;601,91842;57,3
LptD-mature;421;450;RDDMPEATRVHLEPTINLPLSNNWGSINTE;26;3419,6648;SYJMX230330_20;3;10,467025;5522029;1144,588222;57,3
LptD-mature;129;153;NTKDTNVWEGDYQMVGRQGRGKADL;24;2838,3588;SYJMX230330_16;2;8,264195;4098834;1425,309392;57,3
LptD-mature;212;235;YSPYLQLPVGDKRRSGFLIPNAKY;20;2782,5039;SYJMX230330_16;5;9,497808;4467586;559,211212;57,2
LptD-mature;117;128;VILKGPKGWANL;10;1295,7834;SYJMX230330_16;3;9,329412;3887254;434,353536;57,2
LptD-mature;454;463;LATHYQQTNL;9;1188,6008;SYJMX230330_20;3;6,278697;49718;398,483702;57,2
LptD-mature;212;235;YSPYLQLPVGDKRRSGFLIPNAKY;20;2782,5039;SYJMX230330_16;2;9,496422;1046180;1396,535185;57,2
LptD-mature;90;116;HQKEAPGQPEPVRTVDALGNVHYDDNQ;23;3014,4351;SYJMX230330_16;4;7,370057;13835518;757,071883;57,2
LptD-mature;399;417;YQNDVGPFDTRIYGQAVHF;17;2227,0567;SYJMX230330_16;2;10,316662;6977887;1118,171937;57,1
LptD-mature;576;584;NISVGQIYY;8;1056,536;SYJMX230330_20;2;10,055017;7295660;530,982988;57,1
LptD-mature;212;240;YSPYLQLPVGDKRRSGFLIPNAKYTTTNY;25;3362,7532;SYJMX230330_16;2;9,516405;3569470;1687,753157;57,0
LptE-His-mature;156;171;IRKLPSIRAADIRSDE;14;1840,0399;SYJMX230330_20;2;6,61169;4128159;924,031093;57,0
LptD-mature;77;82;QGNSRL;5;674,358;SYJMX230330_22;1;6,133708;1101856;677,509418;57,0
LptD-mature;129;153;NTKDTNVWEGDYQMVGRQGRGKADL;24;2838,3588;SYJMX230330_20;5;8,202024;42714795;570,738301;56,9
LptD-mature;290;299;DYLPSDKVYE;8;1228,5732;SYJMX230330_16;1;7,91771;1079964;1233,018022;56,9
LptD-mature;140;153;YQMVGRQGRGKADL;13;1578,8169;SYJMX230330_22;4;5,815869;2149114;397,105191;56,9
LptD-mature;70;78;TGSVDIMQG;8;907,419;SYJMX230330_16;1;7,585488;1130207;911,86839;56,9
LptD-mature;140;153;YQMVGRQGRGKADL;13;1578,8169;SYJMX230330_22;3;5,814472;5240307;529,141351;56,9
LptD-mature;399;420;YQNDVGPFDTRIYGQAVHFVNT;20;2541,2157;SYJMX230330_22;4;10,579874;567990;638,460639;56,9
LptD-mature;277;286;RYLSQAGAGL;9;1035,5582;SYJMX230330_20;1;7,512712;20920899;1040,440948;56,9
LptD-mature;75;84;IMQGNSRLQA;9;1117,5783;SYJMX230330_16;2;5,979904;1727068;561,731515;56,8
LptD-mature;558;571;VTTGVTSRIYDDAA;13;1468,7278;SYJMX230330_16;1;7,448992;659239;1475,342533;56,8
LptD-mature;70;78;TGSVDIMQG;8;907,419;SYJMX230330_22;1;7,593889;1178314;911,875271;56,8
LptD-mature;117;128;VILKGPKGWANL;10;1295,7834;SYJMX230330_20;2;9,272404;92334615;651,05404;56,8
LptD-mature;87;106;VQLHQKEAPGQPEPVRTVDA;16;2199,1517;SYJMX230330_20;4;5,512832;360138;552,518906;56,7
LptD-mature;290;299;DYLPSDKVYE;8;1228,5732;SYJMX230330_22;1;7,990414;914783;1233,035634;56,7
LptD-mature;120;128;KGPKGWANL;7;970,5469;SYJMX230330_20;1;8,086446;845653;974,580054;56,7
LptD-mature;212;240;YSPYLQLPVGDKRRSGFLIPNAKYTTTNY;25;3362,7532;SYJMX230330_16;3;9,512825;129382065;1125,530878;56,6
LptD-mature;381;394;SEQNTSSYSAEPQL;12;1540,6762;SYJMX230330_16;1;7,970635;16156227;1546,880851;56,6
LptD-mature;129;153;NTKDTNVWEGDYQMVGRQGRGKADL;24;2838,3588;SYJMX230330_20;3;8,196597;82626416;950,589397;56,6
LptD-mature;212;240;YSPYLQLPVGDKRRSGFLIPNAKYTTTNY;25;3362,7532;SYJMX230330_16;4;9,516536;331514116;844,399343;56,6
LptE-His-mature;63;97;LDKETTRKDVPSLRLGKVSIAKDTASVFRNGQTAE;33;3831,0723;SYJMX230330_16;5;7,872226;30512051;770,079642;56,6
LptE-His-mature;147;155;MYDRAAEQL;8;1096,5092;SYJMX230330_20;2;7,153909;8164060;550,991332;56,6
LptD-mature;421;450;RDDMPEATRVHLEPTINLPLSNNWGSINTE;26;3419,6648;SYJMX230330_22;2;10,519075;338573;1716,480576;56,6
LptE-His-mature;107;120;TVLIPGRDIYPISA;11;1514,8577;SYJMX230330_20;2;9,750535;11122889;760,819267;56,5
LptD-mature;129;153;NTKDTNVWEGDYQMVGRQGRGKADL;24;2838,3588;SYJMX230330_20;2;8,204371;6470873;1425,39487;56,5
LptD-mature;759;772;RGLSSNYGLGTQEM;13;1512,7111;SYJMX230330_16;1;8,464934;3092956;1519,363559;56,5
LptD-mature;129;153;NTKDTNVWEGDYQMVGRQGRGKADL;24;2838,3588;SYJMX230330_20;4;8,197302;307104964;713,198927;56,5
LptD-mature;703;717;YYYDTNANKQADSML;14;1796,7796;SYJMX230330_20;2;8,897135;204217051;902,440037;56,4
LptD-mature;129;153;NTKDTNVWEGDYQMVGRQGRGKADL;24;2838,3588;SYJMX230330_16;3;8,256335;48923917;950,606505;56,4
LptD-mature;117;128;VILKGPKGWANL;10;1295,7834;SYJMX230330_20;1;9,273847;3597159;1301,143308;56,4
LptD-mature;212;235;YSPYLQLPVGDKRRSGFLIPNAKY;20;2782,5039;SYJMX230330_16;4;9,494529;27302133;698,80748;56,4
LptD-mature;117;128;VILKGPKGWANL;10;1295,7834;SYJMX230330_16;2;9,325873;55530932;651,074028;56,4
LptD-mature;90;116;HQKEAPGQPEPVRTVDALGNVHYDDNQ;23;3014,4351;SYJMX230330_16;2;7,36656;321599;1513,242981;56,3
LptE-His-mature;147;155;MYDRAAEQL;8;1096,5092;SYJMX230330_16;2;7,197485;4733077;551,006739;56,2
LptD-mature;464;485;DWYNSRNTTKLDESVNRVMPQF;20;2700,2835;SYJMX230330_20;3;10,188394;168541233;904,014839;56,2
LptD-mature;77;82;QGNSRL;5;674,358;SYJMX230330_16;1;6,136187;1027733;677,555346;56,1
LptE-His-mature;63;97;LDKETTRKDVPSLRLGKVSIAKDTASVFRNGQTAE;33;3831,0723;SYJMX230330_16;6;7,863247;30534718;641,929995;56,0
LptD-mature;759;772;RGLSSNYGLGTQEM;13;1512,7111;SYJMX230330_22;1;8,466312;2846745;1519,428698;56,0
LptD-mature;75;84;IMQGNSRLQA;9;1117,5783;SYJMX230330_22;2;5,978848;1909461;561,768958;56,0
LptD-mature;421;450;RDDMPEATRVHLEPTINLPLSNNWGSINTE;26;3419,6648;SYJMX230330_22;3;10,499069;4809012;1144,701286;56,0
LptD-mature;75;84;IMQGNSRLQA;9;1117,5783;SYJMX230330_20;2;5,948541;2545937;561,770982;56,0
LptE-His-mature;147;155;MYDRAAEQL;8;1096,5092;SYJMX230330_20;1;7,155352;2999409;1101,033087;56,0
LptD-mature;90;116;HQKEAPGQPEPVRTVDALGNVHYDDNQ;23;3014,4351;SYJMX230330_22;3;7,354556;5375320;1009,196446;55,9
LptE-His-mature;63;97;LDKETTRKDVPSLRLGKVSIAKDTASVFRNGQTAE;33;3831,0723;SYJMX230330_22;5;7,86188;56165888;770,128469;55,8
LptD-mature;759;772;RGLSSNYGLGTQEM;13;1512,7111;SYJMX230330_22;2;8,462542;198465594;760,225904;55,8
LptD-mature;340;353;FNDFDNKYGSSTDG;13;1566,6343;SYJMX230330_22;3;7,225598;55686;525,126261;55,8
LptD-mature;399;420;YQNDVGPFDTRIYGQAVHFVNT;20;2541,2157;SYJMX230330_20;3;10,527521;12000426;851,019581;55,8
LptD-mature;421;450;RDDMPEATRVHLEPTINLPLSNNWGSINTE;26;3419,6648;SYJMX230330_16;3;10,518226;3817717;1144,722453;55,8
LptD-mature;129;153;NTKDTNVWEGDYQMVGRQGRGKADL;24;2838,3588;SYJMX230330_16;5;8,259867;25531273;570,797766;55,7
LptE-His-mature;147;155;MYDRAAEQL;8;1096,5092;SYJMX230330_16;1;7,198705;1635301;1101,055293;55,7
LptD-mature;129;153;NTKDTNVWEGDYQMVGRQGRGKADL;24;2838,3588;SYJMX230330_16;4;8,256091;182755880;713,249609;55,7
LptD-mature;369;380;NATVSTKQFQVF;11;1369,711;SYJMX230330_22;1;9,425944;386708;1375,589691;55,6
LptD-mature;87;106;VQLHQKEAPGQPEPVRTVDA;16;2199,1517;SYJMX230330_16;4;5,544404;209176;552,562186;55,6
LptE-His-mature;63;97;LDKETTRKDVPSLRLGKVSIAKDTASVFRNGQTAE;33;3831,0723;SYJMX230330_16;4;7,863795;21034291;962,427901;55,6
LptD-mature;90;116;HQKEAPGQPEPVRTVDALGNVHYDDNQ;23;3014,4351;SYJMX230330_16;3;7,358551;4692715;1009,214531;55,6
LptD-mature;576;584;NISVGQIYY;8;1056,536;SYJMX230330_16;2;10,10309;5767535;531,046439;55,5
LptD-mature;277;286;RYLSQAGAGL;9;1035,5582;SYJMX230330_16;1;7,554752;14923902;1040,559772;55,5
LptD-mature;87;108;VQLHQKEAPGQPEPVRTVDALG;18;2369,2572;SYJMX230330_22;3;6,930298;1154271;793,420237;55,5
LptD-mature;70;84;TGSVDIMQGNSRLQA;14;1576,7748;SYJMX230330_20;2;7,948788;21197686;792,50016;55,5
LptE-His-mature;63;97;LDKETTRKDVPSLRLGKVSIAKDTASVFRNGQTAE;33;3831,0723;SYJMX230330_16;3;7,853965;2844917;1282,917555;55,5
LptD-mature;212;235;YSPYLQLPVGDKRRSGFLIPNAKY;20;2782,5039;SYJMX230330_22;4;9,476904;26266046;698,851348;55,5
LptD-mature;116;128;QVILKGPKGWANL;11;1423,842;SYJMX230330_20;2;9,401396;10942256;715,369459;55,5
LptD-mature;117;128;VILKGPKGWANL;10;1295,7834;SYJMX230330_16;1;9,327138;2138246;1301,23609;55,5
LptD-mature;704;717;YYDTNANKQADSML;13;1633,7163;SYJMX230330_20;2;8,18945;333014916;820,753158;55,5
LptD-mature;212;240;YSPYLQLPVGDKRRSGFLIPNAKYTTTNY;25;3362,7532;SYJMX230330_22;4;9,500421;320840144;844,472594;55,5
LptE-His-mature;63;97;LDKETTRKDVPSLRLGKVSIAKDTASVFRNGQTAE;33;3831,0723;SYJMX230330_22;4;7,861344;35241402;962,445158;55,4
LptD-mature;550;570;DRIASANQVTTGVTSRIYDDA;20;2253,1106;SYJMX230330_16;2;8,567942;187344;1132,016294;55,4
LptD-mature;120;128;KGPKGWANL;7;970,5469;SYJMX230330_22;1;8,134213;648477;974,670456;55,4
LptD-mature;90;116;HQKEAPGQPEPVRTVDALGNVHYDDNQ;23;3014,4351;SYJMX230330_22;4;7,381919;17747277;757,174771;55,4
LptD-mature;87;106;VQLHQKEAPGQPEPVRTVDA;16;2199,1517;SYJMX230330_22;4;5,545053;245432;552,574737;55,3
LptD-mature;90;115;HQKEAPGQPEPVRTVDALGNVHYDDN;22;2886,3765;SYJMX230330_20;4;7,470475;15473031;725,05132;55,3
LptD-mature;703;717;YYYDTNANKQADSML;14;1796,7796;SYJMX230330_16;2;8,950641;166837287;902,519282;55,3
LptD-mature;698;703;SIVGAY;5;609,3243;SYJMX230330_16;1;7,910223;65403211;612,560007;55,3
LptD-mature;87;106;VQLHQKEAPGQPEPVRTVDA;16;2199,1517;SYJMX230330_16;3;5,549069;1204254;736,43948;55,2
LptD-mature;399;420;YQNDVGPFDTRIYGQAVHFVNT;20;2541,2157;SYJMX230330_16;3;10,581362;8775619;851,059012;55,2
LptD-mature;464;485;DWYNSRNTTKLDESVNRVMPQF;20;2700,2835;SYJMX230330_16;3;10,244521;98622181;904,08464;55,1
LptD-mature;117;128;VILKGPKGWANL;10;1295,7834;SYJMX230330_22;3;9,325785;4343678;434,424949;55,1
LptD-mature;477;485;SVNRVMPQF;7;1077,551;SYJMX230330_20;2;8,939446;5263128;541,349778;55,0
LptE-His-mature;107;119;TVLIPGRDIYPIS;10;1443,8206;SYJMX230330_20;2;9,610054;8027952;725,159517;55,0
LptD-mature;399;420;YQNDVGPFDTRIYGQAVHFVNT;20;2541,2157;SYJMX230330_22;3;10,57189;9806730;851,071243;55,0
LptD-mature;399;417;YQNDVGPFDTRIYGQAVHF;17;2227,0567;SYJMX230330_20;3;10,263197;50185223;745,903244;55,0
LptD-mature;477;485;SVNRVMPQF;7;1077,551;SYJMX230330_16;2;8,986869;3549995;541,351804;55,0
LptD-mature;698;703;SIVGAY;5;609,3243;SYJMX230330_20;1;7,884107;90385731;612,576893;54,9
LptD-mature;87;108;VQLHQKEAPGQPEPVRTVDALG;18;2369,2572;SYJMX230330_16;3;6,941913;795476;793,457489;54,9
LptE-His-mature;107;120;TVLIPGRDIYPISA;11;1514,8577;SYJMX230330_16;2;9,795204;5912526;760,909295;54,9
LptE-His-mature;107;119;TVLIPGRDIYPIS;10;1443,8206;SYJMX230330_22;2;9,630682;6997761;725,168182;54,8
LptD-mature;87;108;VQLHQKEAPGQPEPVRTVDALG;18;2369,2572;SYJMX230330_20;3;6,895466;1418617;793,462855;54,8
LptD-mature;363;368;YAVQNF;5;741,3566;SYJMX230330_20;1;8,575339;115636406;744,617198;54,8
LptD-mature;381;394;SEQNTSSYSAEPQL;12;1540,6762;SYJMX230330_22;1;7,97488;17095183;1547,104748;54,8
LptD-mature;363;368;YAVQNF;5;741,3566;SYJMX230330_16;1;8,620793;87650635;744,620485;54,7
LptD-mature;399;417;YQNDVGPFDTRIYGQAVHF;17;2227,0567;SYJMX230330_16;3;10,316218;33373531;745,924006;54,6
LptD-mature;90;115;HQKEAPGQPEPVRTVDALGNVHYDDN;22;2886,3765;SYJMX230330_16;3;7,512872;2420950;966,453738;54,6
LptD-mature;129;153;NTKDTNVWEGDYQMVGRQGRGKADL;24;2838,3588;SYJMX230330_22;5;8,263033;33162357;570,850476;54,6
LptD-mature;117;128;VILKGPKGWANL;10;1295,7834;SYJMX230330_22;2;9,320882;64893149;651,161383;54,6
LptE-His-mature;63;97;LDKETTRKDVPSLRLGKVSIAKDTASVFRNGQTAE;33;3831,0723;SYJMX230330_22;3;7,852024;4951218;1283,018205;54,6
LptE-His-mature;156;171;IRKLPSIRAADIRSDE;14;1840,0399;SYJMX230330_22;2;6,649477;2637874;924,198899;54,6
LptD-mature;277;286;RYLSQAGAGL;9;1035,5582;SYJMX230330_22;1;7,554278;12259257;1040,648021;54,6
LptD-mature;75;84;IMQGNSRLQA;9;1117,5783;SYJMX230330_20;1;5,948239;427773;1122,668371;54,6
LptD-mature;90;115;HQKEAPGQPEPVRTVDALGNVHYDDN;22;2886,3765;SYJMX230330_16;4;7,523299;9862108;725,093623;54,6
LptD-mature;129;153;NTKDTNVWEGDYQMVGRQGRGKADL;24;2838,3588;SYJMX230330_22;3;8,259237;59141686;950,756274;54,5
LptD-mature;70;84;TGSVDIMQGNSRLQA;14;1576,7748;SYJMX230330_16;2;7,990602;13344777;792,569899;54,5
LptD-mature;120;128;KGPKGWANL;7;970,5469;SYJMX230330_16;1;8,132214;595232;974,730542;54,5
LptD-mature;120;128;KGPKGWANL;7;970,5469;SYJMX230330_16;2;8,135944;1464218;487,865812;54,5
LptD-mature;129;153;NTKDTNVWEGDYQMVGRQGRGKADL;24;2838,3588;SYJMX230330_22;2;8,265571;4532446;1425,641954;54,5
LptD-mature;87;106;VQLHQKEAPGQPEPVRTVDA;16;2199,1517;SYJMX230330_20;2;5,516349;254928;1104,21871;54,5
LptE-His-mature;147;155;MYDRAAEQL;8;1096,5092;SYJMX230330_22;2;7,201407;6467977;551,077658;54,4
LptD-mature;464;485;DWYNSRNTTKLDESVNRVMPQF;20;2700,2835;SYJMX230330_22;3;10,238832;131299932;904,133881;54,4
LptD-mature;704;717;YYDTNANKQADSML;13;1633,7163;SYJMX230330_16;2;8,239504;267816277;820,82294;54,4
LptD-mature;685;697;VGAVASWPIADRW;11;1427,743;SYJMX230330_16;2;11,43436;14135554;717,380375;54,4
LptD-mature;772;784;MLRSNILPYQNTL;11;1562,8359;SYJMX230330_20;2;9,823637;400592493;784,927176;54,4
LptD-mature;120;128;KGPKGWANL;7;970,5469;SYJMX230330_20;2;8,080572;2381432;487,870256;54,4
LptD-mature;399;417;YQNDVGPFDTRIYGQAVHF;17;2227,0567;SYJMX230330_22;2;10,305031;6827111;1118,409327;54,3
LptD-mature;116;128;QVILKGPKGWANL;11;1423,842;SYJMX230330_22;2;9,445613;7595482;715,432303;54,3
LptD-mature;558;571;VTTGVTSRIYDDAA;13;1468,7278;SYJMX230330_22;2;7,472693;45132136;738,332449;54,3
LptD-mature;685;697;VGAVASWPIADRW;11;1427,743;SYJMX230330_20;2;11,373004;18591419;717,384272;54,3
LptE-His-mature;156;171;IRKLPSIRAADIRSDE;14;1840,0399;SYJMX230330_20;4;6,614171;12231189;462,61286;54,2
LptD-mature;129;153;NTKDTNVWEGDYQMVGRQGRGKADL;24;2838,3588;SYJMX230330_22;4;8,259056;237206862;713,340363;54,2
LptD-mature;87;106;VQLHQKEAPGQPEPVRTVDA;16;2199,1517;SYJMX230330_20;3;5,520378;1937333;736,495817;54,2
LptE-His-mature;107;120;TVLIPGRDIYPISA;11;1514,8577;SYJMX230330_22;2;9,777624;9324279;760,95286;54,1
LptE-His-mature;107;119;TVLIPGRDIYPIS;10;1443,8206;SYJMX230330_16;2;9,660104;3957088;725,206864;54,1
LptE-His-mature;156;171;IRKLPSIRAADIRSDE;14;1840,0399;SYJMX230330_20;3;6,611295;31993577;616,490986;54,0
LptD-mature;25;32;ADLASQCM;7;838,3434;SYJMX230330_20;1;8,182815;669549;842,561541;54,0
LptD-mature;118;127;ILKGPKGWAN;8;1083,6309;SYJMX230330_20;2;9,277489;520874;544,654964;54,0
LptD-mature;399;414;YQNDVGPFDTRIYGQA;14;1843,861;SYJMX230330_20;2;9,694856;3897189;926,150893;54,0
LptD-mature;33;50;LGVPSYDRPLVQGDTNDL;15;1958,9818;SYJMX230330_20;2;9,267098;5755736;983,94274;54,0
LptE-His-mature;76;89;RLGKVSIAKDTASV;13;1444,8482;SYJMX230330_20;3;6,030499;764223;484,610579;54,0
LptD-mature;685;697;VGAVASWPIADRW;11;1427,743;SYJMX230330_22;2;11,424757;16122488;717,409033;53,9
LptD-mature;120;128;KGPKGWANL;7;970,5469;SYJMX230330_22;2;8,137459;1524837;487,888804;53,8
LptD-mature;773;784;LRSNILPYQNTL;10;1431,7954;SYJMX230330_20;1;9,45621;39006161;1437,421124;53,7
LptD-mature;464;474;DWYNSRNTTKL;10;1397,6808;SYJMX230330_22;2;7,828239;275260;702,153321;53,7
LptD-mature;171;186;TSCLPGSDTWSVVGSE;14;1624,7159;SYJMX230330_20;1;9,704898;1562545;1632,200378;53,7
LptD-mature;33;50;LGVPSYDRPLVQGDTNDL;15;1958,9818;SYJMX230330_22;2;9,305487;4654514;983,975135;53,5
LptD-mature;477;485;SVNRVMPQF;7;1077,551;SYJMX230330_22;2;8,986601;3559089;541,401574;53,5
LptD-mature;773;784;LRSNILPYQNTL;10;1431,7954;SYJMX230330_20;2;9,457487;1105095266;719,221494;53,5
LptD-mature;33;50;LGVPSYDRPLVQGDTNDL;15;1958,9818;SYJMX230330_16;2;9,312522;4397283;983,977747;53,5
LptD-mature;772;784;MLRSNILPYQNTL;11;1562,8359;SYJMX230330_16;1;9,873831;4691366;1568,953082;53,5
LptD-mature;703;717;YYYDTNANKQADSML;14;1796,7796;SYJMX230330_22;2;8,957034;165589110;902,646339;53,5
LptD-mature;171;186;TSCLPGSDTWSVVGSE;14;1624,7159;SYJMX230330_22;1;9,755063;1068918;1632,235628;53,4
LptE-His-mature;76;89;RLGKVSIAKDTASV;13;1444,8482;SYJMX230330_22;3;6,059399;540904;484,63573;53,4
LptD-mature;500;515;LAPGYTQTLEPRAQYL;13;1820,9541;SYJMX230330_20;3;9,279738;96873094;610,005612;53,4
LptD-mature;399;420;YQNDVGPFDTRIYGQAVHFVNT;20;2541,2157;SYJMX230330_22;2;10,583239;2240126;1276,271507;53,4
LptD-mature;399;417;YQNDVGPFDTRIYGQAVHF;17;2227,0567;SYJMX230330_20;4;10,264439;10476894;559,747373;53,3
LptE-His-mature;156;171;IRKLPSIRAADIRSDE;14;1840,0399;SYJMX230330_16;4;6,655023;7882855;462,643381;53,3
LptD-mature;773;784;LRSNILPYQNTL;10;1431,7954;SYJMX230330_16;1;9,503553;30193210;1437,46856;53,3
LptE-His-mature;147;155;MYDRAAEQL;8;1096,5092;SYJMX230330_22;1;7,202822;2163553;1101,251109;53,2
LptD-mature;399;417;YQNDVGPFDTRIYGQAVHF;17;2227,0567;SYJMX230330_22;3;10,305154;39711780;746,002825;53,2
LptD-mature;399;414;YQNDVGPFDTRIYGQA;14;1843,861;SYJMX230330_16;2;9,299772;5809476;926,205367;53,2
LptD-mature;75;84;IMQGNSRLQA;9;1117,5783;SYJMX230330_22;1;5,97821;302713;1122,789088;53,2
LptD-mature;25;32;ADLASQCM;7;838,3434;SYJMX230330_22;1;8,18026;663330;842,618483;53,2
LptE-His-mature;127;134;FDNPQMAL;6;935,4291;SYJMX230330_20;1;9,420292;12939378;939,236504;53,2
LptD-mature;399;417;YQNDVGPFDTRIYGQAVHF;17;2227,0567;SYJMX230330_20;2;10,260733;8837951;1118,505968;53,2
LptD-mature;773;784;LRSNILPYQNTL;10;1431,7954;SYJMX230330_16;2;9,504096;942759168;719,238387;53,2
LptD-mature;117;128;VILKGPKGWANL;10;1295,7834;SYJMX230330_22;1;9,321684;2380781;1301,465399;53,2
LptD-mature;171;186;TSCLPGSDTWSVVGSE;14;1624,7159;SYJMX230330_16;1;9,753772;1182233;1632,272279;53,2
LptD-mature;772;784;MLRSNILPYQNTL;11;1562,8359;SYJMX230330_16;2;9,872607;309242304;784,996334;53,1
LptD-mature;363;368;YAVQNF;5;741,3566;SYJMX230330_22;1;8,625074;94969636;744,70082;53,1
LptE-His-mature;78;89;GKVSIAKDTASV;11;1175,663;SYJMX230330_20;2;5,597334;3297527;591,414137;53,0
LptD-mature;331;339;YTKVSDPSY;7;1059,4993;SYJMX230330_16;1;6,018074;11398763;1063,787852;53,0
LptD-mature;331;339;YTKVSDPSY;7;1059,4993;SYJMX230330_16;2;6,023525;19671664;532,394624;53,0
LptE-His-mature;156;171;IRKLPSIRAADIRSDE;14;1840,0399;SYJMX230330_16;3;6,654891;17878236;616,541207;53,0
LptD-mature;70;84;TGSVDIMQGNSRLQA;14;1576,7748;SYJMX230330_22;2;7,991918;15614986;792,682531;52,9
LptD-mature;331;339;YTKVSDPSY;7;1059,4993;SYJMX230330_20;1;5,976106;15585776;1063,795037;52,9
LptE-His-mature;127;134;FDNPQMAL;6;935,4291;SYJMX230330_22;1;9,458367;9984285;939,255501;52,9
LptD-mature;704;717;YYDTNANKQADSML;13;1633,7163;SYJMX230330_22;2;8,243988;261078242;820,92132;52,9
LptE-His-mature;76;89;RLGKVSIAKDTASV;13;1444,8482;SYJMX230330_16;3;6,062609;539805;484,658786;52,9
LptD-mature;685;697;VGAVASWPIADRW;11;1427,743;SYJMX230330_16;1;11,46871;803712;1433,929833;52,8
LptD-mature;90;115;HQKEAPGQPEPVRTVDALGNVHYDDN;22;2886,3765;SYJMX230330_16;5;7,524772;1319276;580,351196;52,8
LptD-mature;212;218;YSPYLQL;5;883,456;SYJMX230330_16;1;10,974412;13923251;886,821484;52,7
LptE-His-mature;76;89;RLGKVSIAKDTASV;13;1444,8482;SYJMX230330_20;2;6,032744;1103449;726,499635;52,7
LptE-His-mature;78;89;GKVSIAKDTASV;11;1175,663;SYJMX230330_22;2;5,623638;2127961;591,434316;52,7
LptD-mature;399;417;YQNDVGPFDTRIYGQAVHF;17;2227,0567;SYJMX230330_16;4;10,317895;8450764;559,775785;52,7
LptD-mature;331;339;YTKVSDPSY;7;1059,4993;SYJMX230330_20;2;5,97963;25794977;532,407029;52,6
LptD-mature;90;115;HQKEAPGQPEPVRTVDALGNVHYDDN;22;2886,3765;SYJMX230330_22;4;7,532208;9578223;725,20069;52,6
LptD-mature;698;703;SIVGAY;5;609,3243;SYJMX230330_22;1;7,907858;75884563;612,696907;52,5
LptD-mature;195;203;VAEIWNARF;8;1105,5789;SYJMX230330_20;2;10,603906;32858258;555,690844;52,5
LptD-mature;500;515;LAPGYTQTLEPRAQYL;13;1820,9541;SYJMX230330_16;3;9,328213;77006521;610,045092;52,5
LptE-His-mature;107;122;TVLIPGRDIYPISAKV;13;1742,0211;SYJMX230330_20;2;9,25301;44452120;875,101688;52,4
LptD-mature;369;380;NATVSTKQFQVF;11;1369,711;SYJMX230330_20;1;9,379542;445854;1375,955962;52,3
LptD-mature;87;106;VQLHQKEAPGQPEPVRTVDA;16;2199,1517;SYJMX230330_22;3;5,542581;1280481;736,598994;52,2
LptE-His-mature;78;89;GKVSIAKDTASV;11;1175,663;SYJMX230330_16;2;5,627964;1904740;591,459604;52,2
LptD-mature;212;218;YSPYLQL;5;883,456;SYJMX230330_20;1;10,925082;21957333;886,847223;52,2
LptE-His-mature;148;155;YDRAAEQL;7;965,4687;SYJMX230330_16;1;6,332827;536252;969,819254;52,1
LptD-mature;116;128;QVILKGPKGWANL;11;1423,842;SYJMX230330_20;3;9,403557;2733485;477,36953;52,1
LptD-mature;475;485;DESVNRVMPQF;9;1321,6205;SYJMX230330_20;2;9,452121;37385797;663,965937;52,1
LptE-His-mature;127;134;FDNPQMAL;6;935,4291;SYJMX230330_16;1;9,451142;9513828;939,308105;52,0
LptD-mature;87;106;VQLHQKEAPGQPEPVRTVDA;16;2199,1517;SYJMX230330_16;2;5,54284;146582;1104,421245;51,9
LptD-mature;772;784;MLRSNILPYQNTL;11;1562,8359;SYJMX230330_22;2;9,862329;283702416;785,062239;51,9
LptD-mature;685;697;VGAVASWPIADRW;11;1427,743;SYJMX230330_22;1;11,436848;717040;1434,036525;51,9
LptD-mature;87;106;VQLHQKEAPGQPEPVRTVDA;16;2199,1517;SYJMX230330_22;2;5,537838;155623;1104,427011;51,9
LptD-mature;328;339;NVDYTKVSDPSY;10;1387,6376;SYJMX230330_20;2;7,180643;94477654;697,241122;51,6
LptD-mature;500;515;LAPGYTQTLEPRAQYL;13;1820,9541;SYJMX230330_20;2;9,279243;281320760;914,628581;51,5
LptD-mature;116;128;QVILKGPKGWANL;11;1423,842;SYJMX230330_16;3;9,456776;1968196;477,393672;51,5
LptE-His-mature;156;171;IRKLPSIRAADIRSDE;14;1840,0399;SYJMX230330_22;4;6,621236;10503722;462,708942;51,5
LptD-mature;87;105;VQLHQKEAPGQPEPVRTVD;15;2128,1145;SYJMX230330_20;3;5,283944;1974076;712,798908;51,5
LptD-mature;475;485;DESVNRVMPQF;9;1321,6205;SYJMX230330_16;2;9,499734;24479119;663,995401;51,4
LptE-His-mature;107;122;TVLIPGRDIYPISAKV;13;1742,0211;SYJMX230330_20;3;9,26979;93429400;583,780841;51,4
LptD-mature;773;784;LRSNILPYQNTL;10;1431,7954;SYJMX230330_22;1;9,493248;23010450;1437,660672;51,3
LptD-mature;212;218;YSPYLQL;5;883,456;SYJMX230330_22;1;10,968204;16930811;886,889676;51,3
LptD-mature;244;255;YLPYYWNIAPNM;9;1544,7243;SYJMX230330_20;2;12,75016;43288564;775,559154;51,2
LptD-mature;244;255;YLPYYWNIAPNM;9;1544,7243;SYJMX230330_16;2;12,800583;40688934;775,560838;51,1
LptD-mature;399;417;YQNDVGPFDTRIYGQAVHF;17;2227,0567;SYJMX230330_22;4;10,3069;10270537;559,841419;51,1
LptE-His-mature;76;89;RLGKVSIAKDTASV;13;1444,8482;SYJMX230330_22;2;6,061387;671796;726,60389;51,1
LptE-His-mature;107;122;TVLIPGRDIYPISAKV;13;1742,0211;SYJMX230330_16;3;9,312991;47155717;583,79366;51,1
LptD-mature;773;784;LRSNILPYQNTL;10;1431,7954;SYJMX230330_22;2;9,493748;720743819;719,347746;51,0
LptE-His-mature;156;171;IRKLPSIRAADIRSDE;14;1840,0399;SYJMX230330_22;3;6,649602;20961845;616,638172;50,9
LptD-mature;331;339;YTKVSDPSY;7;1059,4993;SYJMX230330_22;2;6,031895;19794010;532,468839;50,9
LptD-mature;500;515;LAPGYTQTLEPRAQYL;13;1820,9541;SYJMX230330_22;3;9,323053;79387368;610,115612;50,8
LptE-His-mature;107;122;TVLIPGRDIYPISAKV;13;1742,0211;SYJMX230330_16;2;9,294095;23073749;875,218179;50,7
LptD-mature;399;414;YQNDVGPFDTRIYGQA;14;1843,861;SYJMX230330_22;2;9,748072;2779937;926,391465;50,6
LptE-His-mature;148;155;YDRAAEQL;7;965,4687;SYJMX230330_20;1;6,295751;935229;969,931407;50,5
LptD-mature;118;127;ILKGPKGWAN;8;1083,6309;SYJMX230330_22;2;9,325014;444358;544,797974;50,4
LptD-mature;331;339;YTKVSDPSY;7;1059,4993;SYJMX230330_22;1;6,026745;11789565;1063,971684;50,4
LptD-mature;195;203;VAEIWNARF;8;1105,5789;SYJMX230330_16;2;10,658169;24168691;555,775789;50,3
LptD-mature;87;105;VQLHQKEAPGQPEPVRTVD;15;2128,1145;SYJMX230330_16;3;5,303153;1188272;712,854749;50,3
LptD-mature;328;339;NVDYTKVSDPSY;10;1387,6376;SYJMX230330_16;2;7,22417;69510467;697,303158;50,3
LptD-mature;499;515;MLAPGYTQTLEPRAQYL;14;1951,9946;SYJMX230330_20;2;9,816673;206189416;980,479325;50,3
LptE-His-mature;148;155;YDRAAEQL;7;965,4687;SYJMX230330_22;1;6,335838;642417;969,955784;50,2
LptD-mature;369;380;NATVSTKQFQVF;11;1369,711;SYJMX230330_16;1;9,691775;10875506;1376,190984;50,2
LptD-mature;195;203;VAEIWNARF;8;1105,5789;SYJMX230330_22;2;10,649898;32430769;555,782955;50,2
LptD-mature;369;380;NATVSTKQFQVF;11;1369,711;SYJMX230330_20;2;9,359239;2302590;688,599697;50,1
LptD-mature;678;697;YKNGISQVGAVASWPIADRW;18;2218,1404;SYJMX230330_20;2;11,083183;10020028;1114,564707;50,1
LptE-His-mature;76;89;RLGKVSIAKDTASV;13;1444,8482;SYJMX230330_16;2;6,071519;599152;726,673234;50,0
LptD-mature;499;515;MLAPGYTQTLEPRAQYL;14;1951,9946;SYJMX230330_16;3;9,865636;86381598;653,999074;50,0
LptD-mature;475;485;DESVNRVMPQF;9;1321,6205;SYJMX230330_22;2;9,494597;31784743;664,062072;50,0
LptD-mature;399;420;YQNDVGPFDTRIYGQAVHFVNT;20;2541,2157;SYJMX230330_16;2;10,593965;1407849;1276,623874;49,8
LptD-mature;369;380;NATVSTKQFQVF;11;1369,711;SYJMX230330_16;2;9,692764;199131832;688,61447;49,8
LptD-mature;67;74;AVFTGSVD;7;795,3883;SYJMX230330_20;1;7,579043;3110664;799,900351;49,8
LptE-His-mature;78;97;GKVSIAKDTASVFRNGQTAE;19;2079,0829;SYJMX230330_16;3;7,02908;3333998;697,209583;49,8
LptD-mature;200;211;NARFKVGPVPIF;9;1344,7787;SYJMX230330_20;3;10,351209;384710;450,767982;49,7
LptD-mature;500;515;LAPGYTQTLEPRAQYL;13;1820,9541;SYJMX230330_16;1;9,328597;1353193;1828,495795;49,7
LptD-mature;116;128;QVILKGPKGWANL;11;1423,842;SYJMX230330_20;1;9,409805;401502;1430,390437;49,6
LptD-mature;500;515;LAPGYTQTLEPRAQYL;13;1820,9541;SYJMX230330_16;2;9,327912;211554804;914,762503;49,5
LptD-mature;200;211;NARFKVGPVPIF;9;1344,7787;SYJMX230330_16;3;10,401614;257264;450,777038;49,4
LptD-mature;244;255;YLPYYWNIAPNM;9;1544,7243;SYJMX230330_22;2;12,79126;39080110;775,640559;49,4
LptD-mature;655;665;NYRYASPEYIQ;9;1403,659;SYJMX230330_20;2;7,755278;97392949;705,109199;49,3
LptD-mature;499;515;MLAPGYTQTLEPRAQYL;14;1951,9946;SYJMX230330_16;2;9,866786;144593139;980,545529;49,3
LptD-mature;118;127;ILKGPKGWAN;8;1083,6309;SYJMX230330_16;2;9,328635;485058;544,843584;49,3
LptD-mature;200;211;NARFKVGPVPIF;9;1344,7787;SYJMX230330_16;2;10,397585;14962711;675,675337;49,2
LptD-mature;200;211;NARFKVGPVPIF;9;1344,7787;SYJMX230330_20;2;10,348101;21057518;675,676164;49,2
LptD-mature;363;370;YAVQNFNA;7;926,4367;SYJMX230330_20;1;7,918167;16620205;931,004245;49,0
LptD-mature;655;665;NYRYASPEYIQ;9;1403,659;SYJMX230330_20;1;7,754303;3566191;1409,248274;49,0
LptE-His-mature;107;122;TVLIPGRDIYPISAKV;13;1742,0211;SYJMX230330_22;2;9,28657;30366591;875,329336;48,9
LptD-mature;328;339;NVDYTKVSDPSY;10;1387,6376;SYJMX230330_22;2;7,22898;80748051;697,376372;48,8
LptD-mature;363;370;YAVQNFNA;7;926,4367;SYJMX230330_16;1;7,960802;11953459;931,021169;48,8
LptD-mature;328;339;NVDYTKVSDPSY;10;1387,6376;SYJMX230330_20;1;7,183265;4059677;1393,758526;48,8
LptD-mature;354;362;YATQKFSVG;8;1000,5098;SYJMX230330_20;1;7,062144;1423277;1005,607419;48,8
LptD-mature;655;665;NYRYASPEYIQ;9;1403,659;SYJMX230330_16;1;7,802395;2354733;1409,285201;48,6
LptD-mature;116;128;QVILKGPKGWANL;11;1423,842;SYJMX230330_22;3;9,448383;1981248;477,501417;48,5
LptE-His-mature;156;169;IRKLPSIRAADIRS;12;1595,9704;SYJMX230330_16;2;6,4611;1117530;802,076678;48,5
LptD-mature;475;485;DESVNRVMPQF;9;1321,6205;SYJMX230330_20;1;9,446904;3742406;1327,260426;48,4
LptD-mature;354;362;YATQKFSVG;8;1000,5098;SYJMX230330_16;1;7,101126;908741;1005,635428;48,4
LptD-mature;655;665;NYRYASPEYIQ;9;1403,659;SYJMX230330_16;2;7,804477;65996624;705,15111;48,4
LptE-His-mature;107;122;TVLIPGRDIYPISAKV;13;1742,0211;SYJMX230330_22;3;9,295017;75853229;583,911058;48,4
LptD-mature;199;211;WNARFKVGPVPIF;10;1530,858;SYJMX230330_20;3;11,202729;2705946;513,007916;48,3
LptD-mature;502;515;PGYTQTLEPRAQYL;11;1636,8329;SYJMX230330_20;2;9,298164;10270354;822,260866;48,3
LptD-mature;678;697;YKNGISQVGAVASWPIADRW;18;2218,1404;SYJMX230330_20;3;11,076059;47524328;743,48446;48,3
LptD-mature;500;515;LAPGYTQTLEPRAQYL;13;1820,9541;SYJMX230330_22;2;9,322112;227477995;914,842688;48,2
LptD-mature;200;211;NARFKVGPVPIF;9;1344,7787;SYJMX230330_22;3;10,382984;285038;450,813681;48,2
LptD-mature;633;643;DNVATSNSSIE;10;1136,5066;SYJMX230330_20;1;5,518134;5434385;1142,697394;48,1
LptD-mature;33;53;LGVPSYDRPLVQGDTNDLPVT;17;2256,1507;SYJMX230330_20;2;9,186885;1807066;1133,487641;48,1
LptD-mature;475;485;DESVNRVMPQF;9;1321,6205;SYJMX230330_16;1;9,491884;2757430;1327,292919;48,1
LptD-mature;328;339;NVDYTKVSDPSY;10;1387,6376;SYJMX230330_16;1;7,227842;2743595;1393,830647;48,1
LptE-His-mature;156;169;IRKLPSIRAADIRS;12;1595,9704;SYJMX230330_20;2;6,423618;1733638;802,102599;48,0
LptD-mature;87;105;VQLHQKEAPGQPEPVRTVD;15;2128,1145;SYJMX230330_22;3;5,30141;1368154;712,971926;48,0
LptE-His-mature;156;169;IRKLPSIRAADIRS;12;1595,9704;SYJMX230330_16;3;6,464123;2044832;535,072794;47,9
LptD-mature;576;584;NISVGQIYY;8;1056,536;SYJMX230330_20;1;10,048926;106638339;1061,710768;47,8
LptE-His-mature;156;169;IRKLPSIRAADIRS;12;1595,9704;SYJMX230330_20;3;6,423324;3277561;535,088015;47,6
LptD-mature;200;211;NARFKVGPVPIF;9;1344,7787;SYJMX230330_22;2;10,37986;15889385;675,754154;47,4
LptD-mature;33;53;LGVPSYDRPLVQGDTNDLPVT;17;2256,1507;SYJMX230330_16;3;8,523213;17907354;756,036174;47,3
LptD-mature;502;515;PGYTQTLEPRAQYL;11;1636,8329;SYJMX230330_16;2;9,337811;8580220;822,315565;47,3
LptE-His-mature;78;97;GKVSIAKDTASVFRNGQTAE;19;2079,0829;SYJMX230330_20;3;6,975198;5554504;697,366123;47,3
LptD-mature;244;255;YLPYYWNIAPNM;9;1544,7243;SYJMX230330_20;1;12,750237;9515092;1550,471377;47,3
LptE-His-mature;76;97;RLGKVSIAKDTASVFRNGQTAE;21;2348,2681;SYJMX230330_20;2;7,084152;581529;1180,675882;47,2
LptD-mature;354;362;YATQKFSVG;8;1000,5098;SYJMX230330_22;1;7,103334;988443;1005,73682;47,2
LptD-mature;499;515;MLAPGYTQTLEPRAQYL;14;1951,9946;SYJMX230330_22;2;9,856714;167450632;980,698041;47,1
LptD-mature;199;211;WNARFKVGPVPIF;10;1530,858;SYJMX230330_22;3;11,238219;2368376;513,048556;47,1
LptE-His-mature;36;57;MILDSGDPNGPLSRAVRNQLRL;19;2422,2983;SYJMX230330_20;4;10,216378;10521365;609,086724;47,1
LptE-His-mature;34;57;KVMILDSGDPNGPLSRAVRNQLRL;21;2649,4617;SYJMX230330_20;3;9,886971;9692689;887,856397;47,1
LptD-mature;199;211;WNARFKVGPVPIF;10;1530,858;SYJMX230330_16;3;11,25369;2251441;513,050598;47,1
LptD-mature;678;697;YKNGISQVGAVASWPIADRW;18;2218,1404;SYJMX230330_16;3;11,130728;35762904;743,557132;47,1
LptE-His-mature;156;164;IRKLPSIRA;7;1053,6891;SYJMX230330_20;2;6,109277;2804657;529,698052;47,0
LptD-mature;328;339;NVDYTKVSDPSY;10;1387,6376;SYJMX230330_22;1;7,232181;3033767;1393,937323;47,0
LptE-His-mature;156;164;IRKLPSIRA;7;1053,6891;SYJMX230330_16;2;6,146622;1582292;529,700617;47,0
LptD-mature;502;515;PGYTQTLEPRAQYL;11;1636,8329;SYJMX230330_22;2;9,331027;9039273;822,334096;47,0
LptE-His-mature;156;169;IRKLPSIRAADIRS;12;1595,9704;SYJMX230330_16;4;6,465164;1606642;401,584676;46,9
LptD-mature;499;514;MLAPGYTQTLEPRAQY;13;1838,9105;SYJMX230330_20;3;8,719686;43746580;616,273661;46,8
LptD-mature;633;643;DNVATSNSSIE;10;1136,5066;SYJMX230330_16;1;5,542235;3798061;1142,824962;46,8
LptD-mature;500;514;LAPGYTQTLEPRAQY;12;1707,8701;SYJMX230330_20;2;8,036978;112197189;858,128537;46,8
LptD-mature;33;53;LGVPSYDRPLVQGDTNDLPVT;17;2256,1507;SYJMX230330_16;2;8,5242;8739421;1133,602632;46,7
LptD-mature;195;211;VAEIWNARFKVGPVPIF;14;1943,0902;SYJMX230330_20;3;11,913054;120715650;651,184319;46,7
LptD-mature;67;74;AVFTGSVD;7;795,3883;SYJMX230330_22;1;7,607663;2562830;800,120223;46,7
LptE-His-mature;156;169;IRKLPSIRAADIRS;12;1595,9704;SYJMX230330_20;4;6,423132;2595756;401,594355;46,6
LptE-His-mature;76;97;RLGKVSIAKDTASVFRNGQTAE;21;2348,2681;SYJMX230330_20;4;7,077971;6324171;590,870353;46,6
LptD-mature;678;697;YKNGISQVGAVASWPIADRW;18;2218,1404;SYJMX230330_22;3;11,12075;43849111;743,594758;46,4
LptE-His-mature;34;57;KVMILDSGDPNGPLSRAVRNQLRL;21;2649,4617;SYJMX230330_22;4;9,922768;14634087;666,17851;46,4
LptD-mature;655;665;NYRYASPEYIQ;9;1403,659;SYJMX230330_22;2;7,809708;78427705;705,242711;46,4
LptD-mature;67;74;AVFTGSVD;7;795,3883;SYJMX230330_16;1;7,622676;2129312;800,144001;46,3
LptD-mature;607;628;VWAGDTYWRISERWGLRGGIQY;21;2669,3372;SYJMX230330_16;4;11,239864;15222518;671,154416;46,3
LptD-mature;500;514;LAPGYTQTLEPRAQY;12;1707,8701;SYJMX230330_16;2;8,080482;76070527;858,161139;46,2
LptE-His-mature;156;166;IRKLPSIRAAD;9;1239,7532;SYJMX230330_16;3;5,914511;3341319;415,864492;46,2
LptD-mature;576;584;NISVGQIYY;8;1056,536;SYJMX230330_16;1;10,095986;88233851;1061,83927;46,2
LptE-His-mature;34;62;KVMILDSGDPNGPLSRAVRNQLRLNGVEL;26;3161,7212;SYJMX230330_20;4;10,705257;127012378;794,939213;46,0
LptD-mature;572;584;VERFNISVGQIYY;12;1587,8166;SYJMX230330_20;2;10,609027;214756516;798,149255;46,0
LptD-mature;244;255;YLPYYWNIAPNM;9;1544,7243;SYJMX230330_16;1;12,799457;5676478;1550,587606;46,0
LptE-His-mature;34;62;KVMILDSGDPNGPLSRAVRNQLRLNGVEL;26;3161,7212;SYJMX230330_20;5;10,703558;48095015;636,155261;45,9
LptD-mature;500;514;LAPGYTQTLEPRAQY;12;1707,8701;SYJMX230330_16;1;8,087164;446116;1715,361604;45,9
LptE-His-mature;34;62;KVMILDSGDPNGPLSRAVRNQLRLNGVEL;26;3161,7212;SYJMX230330_20;2;10,698752;1786776;1588,896446;45,9
LptD-mature;499;514;MLAPGYTQTLEPRAQY;13;1838,9105;SYJMX230330_20;2;8,725096;85302315;923,974016;45,9
LptD-mature;664;677;IQATLPKYYSTAEQ;12;1612,8217;SYJMX230330_20;2;7,721844;55419842;810,660662;45,8
LptD-mature;633;643;DNVATSNSSIE;10;1136,5066;SYJMX230330_22;1;5,543762;4133046;1142,924332;45,8
LptD-mature;199;211;WNARFKVGPVPIF;10;1530,858;SYJMX230330_16;2;11,250587;5960275;769,138483;45,8
LptD-mature;116;128;QVILKGPKGWANL;11;1423,842;SYJMX230330_22;1;9,450797;193334;1430,803118;45,8
LptD-mature;195;211;VAEIWNARFKVGPVPIF;14;1943,0902;SYJMX230330_16;3;11,962755;113902282;651,226782;45,8
LptD-mature;33;53;LGVPSYDRPLVQGDTNDLPVT;17;2256,1507;SYJMX230330_22;2;8,52327;9093443;1133,684758;45,8
LptE-His-mature;34;62;KVMILDSGDPNGPLSRAVRNQLRLNGVEL;26;3161,7212;SYJMX230330_20;3;10,704162;44483718;1059,608985;45,7
LptE-His-mature;76;97;RLGKVSIAKDTASVFRNGQTAE;21;2348,2681;SYJMX230330_20;3;7,076493;3282989;787,559274;45,7
LptE-His-mature;156;166;IRKLPSIRAAD;9;1239,7532;SYJMX230330_20;3;5,87964;5160996;415,883454;45,6
LptE-His-mature;103;122;TVNATVLIPGRDIYPISAKV;17;2127,2172;SYJMX230330_20;3;9,774097;39588323;713,15623;45,6
LptD-mature;199;211;WNARFKVGPVPIF;10;1530,858;SYJMX230330_22;2;11,235581;7325438;769,154945;45,5
LptE-His-mature;78;97;GKVSIAKDTASVFRNGQTAE;19;2079,0829;SYJMX230330_22;3;7,023102;3752855;697,481436;45,5
LptE-His-mature;76;97;RLGKVSIAKDTASVFRNGQTAE;21;2348,2681;SYJMX230330_16;3;7,123049;1510754;787,578183;45,4
LptE-His-mature;36;57;MILDSGDPNGPLSRAVRNQLRL;19;2422,2983;SYJMX230330_22;4;10,256989;8849517;609,168574;45,4
LptD-mature;576;584;NISVGQIYY;8;1056,536;SYJMX230330_22;1;10,093031;89251037;1061,910435;45,3
LptE-His-mature;39;59;DSGDPNGPLSRAVRNQLRLNG;18;2236,1541;SYJMX230330_20;4;8,76211;6052950;562,504469;45,2
LptD-mature;607;628;VWAGDTYWRISERWGLRGGIQY;21;2669,3372;SYJMX230330_22;4;11,23678;28418677;671,211569;45,2
LptE-His-mature;76;97;RLGKVSIAKDTASVFRNGQTAE;21;2348,2681;SYJMX230330_22;4;7,119858;4505721;590,945106;45,2
LptD-mature;195;211;VAEIWNARFKVGPVPIF;14;1943,0902;SYJMX230330_22;3;11,943665;124762511;651,255224;45,2
LptD-mature;244;255;YLPYYWNIAPNM;9;1544,7243;SYJMX230330_22;1;12,790938;4790937;1550,660645;45,2
LptE-His-mature;156;166;IRKLPSIRAAD;9;1239,7532;SYJMX230330_20;2;5,877797;7356151;623,345926;45,1
LptD-mature;664;671;IQATLPKY;6;933,5404;SYJMX230330_20;2;7,656682;8894268;469,417638;45,1
LptD-mature;499;514;MLAPGYTQTLEPRAQY;13;1838,9105;SYJMX230330_16;2;8,771841;53807007;924,025324;45,1
LptE-His-mature;34;62;KVMILDSGDPNGPLSRAVRNQLRLNGVEL;26;3161,7212;SYJMX230330_16;5;10,757383;36724169;636,201485;45,1
LptE-His-mature;103;122;TVNATVLIPGRDIYPISAKV;17;2127,2172;SYJMX230330_16;3;9,819249;22950474;713,188261;45,0
LptD-mature;195;211;VAEIWNARFKVGPVPIF;14;1943,0902;SYJMX230330_16;2;11,962029;21832847;976,395019;45,0
LptE-His-mature;39;59;DSGDPNGPLSRAVRNQLRLNG;18;2236,1541;SYJMX230330_20;2;8,562505;6091481;1124,028907;45,0
LptE-His-mature;39;57;DSGDPNGPLSRAVRNQLRL;16;2065,0897;SYJMX230330_20;3;9,172639;13043609;692,297945;45,0
LptE-His-mature;156;169;IRKLPSIRAADIRS;12;1595,9704;SYJMX230330_22;2;6,451554;832984;802,289217;44,9
LptD-mature;607;628;VWAGDTYWRISERWGLRGGIQY;21;2669,3372;SYJMX230330_20;4;11,181918;23842529;671,226284;44,9
LptE-His-mature;36;57;MILDSGDPNGPLSRAVRNQLRL;19;2422,2983;SYJMX230330_16;4;10,270907;8748822;609,192867;44,9
LptD-mature;664;677;IQATLPKYYSTAEQ;12;1612,8217;SYJMX230330_16;2;7,764557;36692919;810,719393;44,9
LptD-mature;475;485;DESVNRVMPQF;9;1321,6205;SYJMX230330_22;1;9,489734;2686548;1327,586935;44,8
LptE-His-mature;34;62;KVMILDSGDPNGPLSRAVRNQLRLNGVEL;26;3161,7212;SYJMX230330_16;4;10,759078;89370024;795,017375;44,8
LptE-His-mature;156;166;IRKLPSIRAAD;9;1239,7532;SYJMX230330_16;2;5,911651;4811173;623,360324;44,8
LptE-His-mature;76;97;RLGKVSIAKDTASVFRNGQTAE;21;2348,2681;SYJMX230330_16;4;7,123577;3021167;590,965;44,8
LptE-His-mature;156;169;IRKLPSIRAADIRS;12;1595,9704;SYJMX230330_22;4;6,454577;1391282;401,649902;44,8
LptE-His-mature;34;62;KVMILDSGDPNGPLSRAVRNQLRLNGVEL;26;3161,7212;SYJMX230330_22;5;10,748489;46438845;636,219455;44,7
LptE-His-mature;34;57;KVMILDSGDPNGPLSRAVRNQLRL;21;2649,4617;SYJMX230330_22;3;9,92775;6640880;888,024634;44,7
LptE-His-mature;39;57;DSGDPNGPLSRAVRNQLRL;16;2065,0897;SYJMX230330_20;4;9,167091;2431833;519,484311;44,7
LptE-His-mature;156;169;IRKLPSIRAADIRS;12;1595,9704;SYJMX230330_22;3;6,452628;1609130;535,202886;44,7
LptE-His-mature;76;97;RLGKVSIAKDTASVFRNGQTAE;21;2348,2681;SYJMX230330_16;2;7,12044;223660;1180,944517;44,7
LptD-mature;664;671;IQATLPKY;6;933,5404;SYJMX230330_16;2;7,69722;5341722;469,432611;44,6
LptE-His-mature;156;164;IRKLPSIRA;7;1053,6891;SYJMX230330_22;2;6,141032;1161062;529,784387;44,6
LptE-His-mature;34;62;KVMILDSGDPNGPLSRAVRNQLRLNGVEL;26;3161,7212;SYJMX230330_22;4;10,749594;107569661;795,042591;44,4
LptD-mature;499;514;MLAPGYTQTLEPRAQY;13;1838,9105;SYJMX230330_16;3;8,763787;31026634;616,380565;44,4
LptE-His-mature;34;62;KVMILDSGDPNGPLSRAVRNQLRLNGVEL;26;3161,7212;SYJMX230330_16;2;10,752216;1205661;1589,093679;44,4
LptE-His-mature;34;59;KVMILDSGDPNGPLSRAVRNQLRLNG;23;2820,5261;SYJMX230330_20;3;9,574512;20231361;945,447104;44,3
LptE-His-mature;34;62;KVMILDSGDPNGPLSRAVRNQLRLNGVEL;26;3161,7212;SYJMX230330_16;3;10,755899;26997404;1059,739023;44,2
LptD-mature;664;671;IQATLPKY;6;933,5404;SYJMX230330_20;1;7,65303;5815183;937,885878;44,2
LptE-His-mature;34;57;KVMILDSGDPNGPLSRAVRNQLRL;21;2649,4617;SYJMX230330_16;3;9,937006;5905744;888,059016;44,2
LptE-His-mature;34;59;KVMILDSGDPNGPLSRAVRNQLRLNG;23;2820,5261;SYJMX230330_20;4;9,569628;54328699;709,339353;44,2
LptD-mature;200;211;NARFKVGPVPIF;9;1344,7787;SYJMX230330_22;1;10,386151;215021;1350,806132;44,1
LptE-His-mature;39;57;DSGDPNGPLSRAVRNQLRL;16;2065,0897;SYJMX230330_16;3;9,223614;8557100;692,344831;44,1
LptE-His-mature;39;59;DSGDPNGPLSRAVRNQLRLNG;18;2236,1541;SYJMX230330_16;2;8,644328;5333834;1124,120037;44,0
LptE-His-mature;76;97;RLGKVSIAKDTASVFRNGQTAE;21;2348,2681;SYJMX230330_22;3;7,117033;2075165;787,682229;43,9
LptD-mature;200;211;NARFKVGPVPIF;9;1344,7787;SYJMX230330_20;1;10,349131;258652;1350,827203;43,9
LptE-His-mature;34;57;KVMILDSGDPNGPLSRAVRNQLRL;21;2649,4617;SYJMX230330_22;5;9,930239;816482;533,252665;43,8
LptE-His-mature;103;122;TVNATVLIPGRDIYPISAKV;17;2127,2172;SYJMX230330_22;3;9,799464;33457629;713,257203;43,8
LptE-His-mature;34;59;KVMILDSGDPNGPLSRAVRNQLRLNG;23;2820,5261;SYJMX230330_22;3;9,620058;13307646;945,48477;43,8
LptE-His-mature;34;62;KVMILDSGDPNGPLSRAVRNQLRLNGVEL;26;3161,7212;SYJMX230330_22;2;10,743486;1047297;1589,175902;43,7
LptD-mature;199;211;WNARFKVGPVPIF;10;1530,858;SYJMX230330_20;2;11,221973;8955914;769,242637;43,7
LptD-mature;500;514;LAPGYTQTLEPRAQY;12;1707,8701;SYJMX230330_22;2;8,078217;86273735;858,311704;43,7
LptE-His-mature;76;97;RLGKVSIAKDTASVFRNGQTAE;21;2348,2681;SYJMX230330_22;2;7,116278;336446;1181,044186;43,7
LptD-mature;664;671;IQATLPKY;6;933,5404;SYJMX230330_22;1;7,689647;3865276;937,922352;43,6
LptD-mature;499;514;MLAPGYTQTLEPRAQY;13;1838,9105;SYJMX230330_22;3;8,763905;33770756;616,414483;43,6
LptE-His-mature;34;62;KVMILDSGDPNGPLSRAVRNQLRLNGVEL;26;3161,7212;SYJMX230330_22;3;10,747664;33025811;1059,799974;43,5
LptE-His-mature;39;59;DSGDPNGPLSRAVRNQLRLNG;18;2236,1541;SYJMX230330_22;2;8,643846;4910693;1124,163828;43,5
LptE-His-mature;34;59;KVMILDSGDPNGPLSRAVRNQLRLNG;23;2820,5261;SYJMX230330_16;3;9,629096;12163130;945,513407;43,4
LptE-His-mature;156;166;IRKLPSIRAAD;9;1239,7532;SYJMX230330_22;3;5,910154;2830609;415,949692;43,4
LptE-His-mature;34;59;KVMILDSGDPNGPLSRAVRNQLRLNG;23;2820,5261;SYJMX230330_16;4;9,624834;35826635;709,391788;43,3
LptE-His-mature;34;59;KVMILDSGDPNGPLSRAVRNQLRLNG;23;2820,5261;SYJMX230330_22;4;9,616434;41275172;709,401189;43,1
LptE-His-mature;34;57;KVMILDSGDPNGPLSRAVRNQLRL;21;2649,4617;SYJMX230330_16;4;9,933947;11388085;666,350856;43,1
LptE-His-mature;78;97;GKVSIAKDTASVFRNGQTAE;19;2079,0829;SYJMX230330_20;2;6,984452;1523854;1045,945051;43,1
LptD-mature;499;514;MLAPGYTQTLEPRAQY;13;1838,9105;SYJMX230330_16;1;8,774404;271170;1847,311956;43,1
LptD-mature;664;671;IQATLPKY;6;933,5404;SYJMX230330_16;1;7,693984;3444302;937,96197;43,0
LptD-mature;664;677;IQATLPKYYSTAEQ;12;1612,8217;SYJMX230330_22;2;7,761023;43406645;810,833243;43,0
LptE-His-mature;156;166;IRKLPSIRAAD;9;1239,7532;SYJMX230330_22;2;5,907658;3884276;623,443844;43,0
LptD-mature;572;584;VERFNISVGQIYY;12;1587,8166;SYJMX230330_22;2;10,650281;194772269;798,34639;42,7
LptD-mature;664;671;IQATLPKY;6;933,5404;SYJMX230330_22;2;7,693405;6151087;469,491197;42,6
LptD-mature;499;514;MLAPGYTQTLEPRAQY;13;1838,9105;SYJMX230330_22;2;8,767975;62955108;924,184165;42,6
LptE-His-mature;39;57;DSGDPNGPLSRAVRNQLRL;16;2065,0897;SYJMX230330_22;3;9,218069;9672220;692,438492;42,3
LptD-mature;572;584;VERFNISVGQIYY;12;1587,8166;SYJMX230330_16;2;10,657237;186387447;798,387354;42,0
LptE-His-mature;39;57;DSGDPNGPLSRAVRNQLRL;16;2065,0897;SYJMX230330_22;4;9,224317;2046784;519,595951;41,9
LptD-mature;340;353;FNDFDNKYGSSTDG;13;1566,6343;SYJMX230330_16;3;7,185984;123136;525,742017;41,6
LptD-mature;550;570;DRIASANQVTTGVTSRIYDDA;20;2253,1106;SYJMX230330_22;2;8,545679;541445;1133,415988;41,4
LptE-His-mature;39;57;DSGDPNGPLSRAVRNQLRL;16;2065,0897;SYJMX230330_16;4;9,136187;2049829;519,626809;41,1
LptD-mature;550;571;DRIASANQVTTGVTSRIYDDAA;21;2324,1477;SYJMX230330_20;3;8,444099;89533512;779,888446;40,4
LptD-mature;550;571;DRIASANQVTTGVTSRIYDDAA;21;2324,1477;SYJMX230330_20;2;8,44458;21515831;1169,346336;40,3
LptE-His-mature;78;97;GKVSIAKDTASVFRNGQTAE;19;2079,0829;SYJMX230330_22;2;7,030567;1177580;1046,217067;40,3
LptD-mature;550;570;DRIASANQVTTGVTSRIYDDA;20;2253,1106;SYJMX230330_20;2;8,473525;12190230;1133,552586;40,0
LptE-His-mature;78;97;GKVSIAKDTASVFRNGQTAE;19;2079,0829;SYJMX230330_16;2;7,035192;876593;1046,247461;39,9
LptD-mature;550;563;DRIASANQVTTGVT;13;1432,739;SYJMX230330_20;2;6,110829;5347405;721,328464;39,1
LptD-mature;550;571;DRIASANQVTTGVTSRIYDDAA;21;2324,1477;SYJMX230330_16;2;8,49119;14721910;1169,523864;38,6
LptD-mature;550;563;DRIASANQVTTGVT;13;1432,739;SYJMX230330_16;2;6,139613;3424564;721,362524;38,6
LptD-mature;550;571;DRIASANQVTTGVTSRIYDDAA;21;2324,1477;SYJMX230330_16;3;8,491457;65450480;780,02842;38,4
LptD-mature;550;571;DRIASANQVTTGVTSRIYDDAA;21;2324,1477;SYJMX230330_22;3;8,490703;78992094;780,046005;38,1
LptD-mature;550;571;DRIASANQVTTGVTSRIYDDAA;21;2324,1477;SYJMX230330_22;2;8,489766;17313795;1169,595506;37,9
LptD-mature;550;563;DRIASANQVTTGVT;13;1432,739;SYJMX230330_22;2;6,13659;4036880;721,504905;36,4
LptE-His-mature;143;155;IVKEMYDRAAEQL;12;1565,7992;SYJMX230330_20;3;8,124297;53940226;525,509149;35,6
LptE-His-mature;143;155;IVKEMYDRAAEQL;12;1565,7992;SYJMX230330_16;3;8,176473;34378863;525,540257;34,8
LptE-His-mature;143;155;IVKEMYDRAAEQL;12;1565,7992;SYJMX230330_20;2;8,120331;179508395;787,818769;34,7
LptE-His-mature;143;155;IVKEMYDRAAEQL;12;1565,7992;SYJMX230330_22;3;8,174334;44960826;525,561049;34,3
LptE-His-mature;143;155;IVKEMYDRAAEQL;12;1565,7992;SYJMX230330_16;2;8,172781;107524225;787,88421;33,6
LptE-His-mature;143;155;IVKEMYDRAAEQL;12;1565,7992;SYJMX230330_22;2;8,170592;141992934;787,916457;33,1
LptD-mature;212;240;YSPYLQLPVGDKRRSGFLIPNAKYTTTNY;25;3362,7532;SYJMX230330_20;5;9,392529;4522880;677,340512;24,2
LptD-mature;212;240;YSPYLQLPVGDKRRSGFLIPNAKYTTTNY;25;3362,7532;SYJMX230330_22;6;9,351382;77099;564,67926;22,7
LptE-His-mature;34;59;KVMILDSGDPNGPLSRAVRNQLRLNG;23;2820,5261;SYJMX230330_22;2;9,479864;100790;1420,175729;22,5
LptD-mature;212;240;YSPYLQLPVGDKRRSGFLIPNAKYTTTNY;25;3362,7532;SYJMX230330_22;5;9,411794;2806113;677,498845;21,0
LptD-mature;340;353;FNDFDNKYGSSTDG;13;1566,6343;SYJMX230330_20;3;7,110685;261054;526,962339;13,4
LptD-mature;363;370;YAVQNFNA;7;926,4367;SYJMX230330_22;1;7,697364;573525;933,621172;11,7