Protein,Start,End,Sequence,Modification,Fragment,MaxUptake,MHP,State,Exposure,Center,Center SD,Uptake,Uptake SD,RT,RT SD
VHL_HUMAN,92,116,DGEPQPYPTLPPGTGRRIHSYRGHL,,,19.0,2801.423,VHL,0.0,2802.84513,0.067727,0.0,0.0,4.11885,0.004984
VHL_HUMAN,92,116,DGEPQPYPTLPPGTGRRIHSYRGHL,,,19.0,2801.423,VHL,0.25,2806.846206,0.119087,4.001077,0.136999,3.81562,0.007531
VHL_HUMAN,92,116,DGEPQPYPTLPPGTGRRIHSYRGHL,,,19.0,2801.423,VHL,5.0,2806.895995,0.119429,4.050865,0.137296,4.147774,0.005878
VHL_HUMAN,92,116,DGEPQPYPTLPPGTGRRIHSYRGHL,,,19.0,2801.423,VHL,30.000002,2809.236871,0.058207,6.391742,0.089303,3.812449,0.01239
VHL_HUMAN,92,116,DGEPQPYPTLPPGTGRRIHSYRGHL,,,19.0,2801.423,VHL-CRL2,0.0,2802.986258,0.023319,0.0,0.0,4.132367,0.011359
VHL_HUMAN,92,116,DGEPQPYPTLPPGTGRRIHSYRGHL,,,19.0,2801.423,VHL-CRL2,0.25,2806.723999,0.080543,3.737741,0.083851,3.809653,0.004594
VHL_HUMAN,92,116,DGEPQPYPTLPPGTGRRIHSYRGHL,,,19.0,2801.423,VHL-CRL2,5.0,2807.694282,0.070947,4.708024,0.074681,3.801365,0.00287
VHL_HUMAN,92,116,DGEPQPYPTLPPGTGRRIHSYRGHL,,,19.0,2801.423,VHL-CRL2,30.000002,2809.137608,0.045741,6.15135,0.051342,3.794406,0.008399
VHL_HUMAN,95,116,PQPYPTLPPGTGRRIHSYRGHL,,,16.0,2500.332,VHL,0.0,2501.629465,0.044988,0.0,0.0,4.163687,0.071604
VHL_HUMAN,95,116,PQPYPTLPPGTGRRIHSYRGHL,,,16.0,2500.332,VHL,0.25,2504.269551,0.226626,2.640086,0.231048,4.133538,0.008999
VHL_HUMAN,95,116,PQPYPTLPPGTGRRIHSYRGHL,,,16.0,2500.332,VHL,5.0,2505.552131,0.197432,3.922666,0.202493,4.131927,0.007165
VHL_HUMAN,95,116,PQPYPTLPPGTGRRIHSYRGHL,,,16.0,2500.332,VHL,30.000002,2506.07144,0.099043,4.441975,0.108781,4.139122,0.00731
VHL_HUMAN,95,116,PQPYPTLPPGTGRRIHSYRGHL,,,16.0,2500.332,VHL-CRL2,0.0,2501.696541,0.144182,0.0,0.0,4.128458,0.007193
VHL_HUMAN,95,116,PQPYPTLPPGTGRRIHSYRGHL,,,16.0,2500.332,VHL-CRL2,0.25,2504.418352,0.044413,2.721811,0.150868,4.129583,0.003935
VHL_HUMAN,95,116,PQPYPTLPPGTGRRIHSYRGHL,,,16.0,2500.332,VHL-CRL2,5.0,2505.800229,0.253436,4.103688,0.29158,4.124554,0.00682
VHL_HUMAN,95,116,PQPYPTLPPGTGRRIHSYRGHL,,,16.0,2500.332,VHL-CRL2,30.000002,2506.493973,0.052144,4.797431,0.153322,4.118555,0.006519
VHL_HUMAN,97,115,PYPTLPPGTGRRIHSYRGH,,,14.0,2162.1366,VHL,0.0,2162.986088,0.110953,0.0,0.0,3.89956,0.00801
VHL_HUMAN,97,115,PYPTLPPGTGRRIHSYRGH,,,14.0,2162.1366,VHL,0.25,2169.107972,0.161859,6.121884,0.196237,3.924506,0.006158
VHL_HUMAN,97,115,PYPTLPPGTGRRIHSYRGH,,,14.0,2162.1366,VHL,5.0,2169.467115,0.079945,6.481027,0.136755,3.932235,0.010045
VHL_HUMAN,97,115,PYPTLPPGTGRRIHSYRGH,,,14.0,2162.1366,VHL,30.000002,2170.035489,0.119674,7.0494,0.163195,3.932523,0.013155
VHL_HUMAN,97,115,PYPTLPPGTGRRIHSYRGH,,,14.0,2162.1366,VHL-CRL2,0.0,2163.278398,0.077197,0.0,0.0,3.947662,0.098289
VHL_HUMAN,97,115,PYPTLPPGTGRRIHSYRGH,,,14.0,2162.1366,VHL-CRL2,0.25,2168.913886,0.156209,5.635488,0.174243,3.907364,0.003927
VHL_HUMAN,97,115,PYPTLPPGTGRRIHSYRGH,,,14.0,2162.1366,VHL-CRL2,5.0,2169.022328,0.175542,5.74393,0.191767,3.905556,0.002239
VHL_HUMAN,97,115,PYPTLPPGTGRRIHSYRGH,,,14.0,2162.1366,VHL-CRL2,30.000002,2169.335952,0.077822,6.057554,0.109616,3.894917,0.006605
VHL_HUMAN,97,118,PYPTLPPGTGRRIHSYRGHLWL,,,17.0,2574.3841,VHL,0.0,2575.698608,0.108996,0.0,0.0,4.882464,0.013563
VHL_HUMAN,97,118,PYPTLPPGTGRRIHSYRGHLWL,,,17.0,2574.3841,VHL,0.25,2578.177097,0.249835,2.47849,0.272576,4.900323,0.012735
VHL_HUMAN,97,118,PYPTLPPGTGRRIHSYRGHLWL,,,17.0,2574.3841,VHL,5.0,2579.502689,0.094177,3.804081,0.144047,4.905877,0.012698
VHL_HUMAN,97,118,PYPTLPPGTGRRIHSYRGHLWL,,,17.0,2574.3841,VHL,30.000002,2580.164366,0.082643,4.465759,0.136784,4.90206,0.008865
VHL_HUMAN,97,118,PYPTLPPGTGRRIHSYRGHLWL,,,17.0,2574.3841,VHL-CRL2,0.0,2575.777484,0.246854,0.0,0.0,4.87358,0.015058
VHL_HUMAN,97,118,PYPTLPPGTGRRIHSYRGHLWL,,,17.0,2574.3841,VHL-CRL2,0.25,2579.356541,0.276997,3.579057,0.371031,4.876415,0.010321
VHL_HUMAN,97,118,PYPTLPPGTGRRIHSYRGHLWL,,,17.0,2574.3841,VHL-CRL2,5.0,2580.553967,0.249117,4.776483,0.350708,4.869556,0.007543
VHL_HUMAN,97,118,PYPTLPPGTGRRIHSYRGHLWL,,,17.0,2574.3841,VHL-CRL2,30.000002,2581.243472,0.245567,5.465988,0.348196,4.863328,0.006853
VHL_HUMAN,103,112,PGTGRRIHSY,,,8.0,1143.6018,VHL,0.0,1144.677311,0.003761,0.0,0.0,4.364516,0.172996
VHL_HUMAN,103,112,PGTGRRIHSY,,,8.0,1143.6018,VHL,0.25,1145.556553,0.093209,0.879242,0.093285,4.104339,0.0051
VHL_HUMAN,103,112,PGTGRRIHSY,,,8.0,1143.6018,VHL,5.0,1146.129857,0.06287,1.452546,0.062983,4.122457,0.006117
VHL_HUMAN,103,112,PGTGRRIHSY,,,8.0,1143.6018,VHL,30.000002,1146.254497,0.064189,1.577187,0.064299,4.116264,0.009295
VHL_HUMAN,103,112,PGTGRRIHSY,,,8.0,1143.6018,VHL-CRL2,0.0,1144.190885,0.037698,0.0,0.0,4.077394,0.01043
VHL_HUMAN,103,112,PGTGRRIHSY,,,8.0,1143.6018,VHL-CRL2,0.25,1145.610679,0.111881,1.419794,0.118062,4.088792,0.011521
VHL_HUMAN,103,112,PGTGRRIHSY,,,8.0,1143.6018,VHL-CRL2,5.0,1145.716245,0.143046,1.52536,0.14793,4.079027,0.005834
VHL_HUMAN,103,112,PGTGRRIHSY,,,8.0,1143.6018,VHL-CRL2,30.000002,1146.037355,0.065458,1.84647,0.075537,4.072083,0.007484
VHL_HUMAN,117,128,WLFRDAGTHDGL,,,11.0,1387.6753,VHL,0.0,1388.214985,0.055515,0.0,0.0,5.55547,0.00401
VHL_HUMAN,117,128,WLFRDAGTHDGL,,,11.0,1387.6753,VHL,0.25,1389.338178,0.096502,1.123194,0.111331,5.549736,0.007461
VHL_HUMAN,117,128,WLFRDAGTHDGL,,,11.0,1387.6753,VHL,5.0,1390.151074,0.206612,1.936089,0.213941,5.626209,0.141586
VHL_HUMAN,117,128,WLFRDAGTHDGL,,,11.0,1387.6753,VHL,30.000002,1390.363238,0.15807,2.148253,0.167535,5.554976,0.012123
VHL_HUMAN,117,128,WLFRDAGTHDGL,,,11.0,1387.6753,VHL-CRL2,0.0,1388.504858,0.185298,0.0,0.0,5.54999,0.008645
VHL_HUMAN,117,128,WLFRDAGTHDGL,,,11.0,1387.6753,VHL-CRL2,0.25,1389.610791,0.063209,1.105932,0.195783,5.557332,0.005551
VHL_HUMAN,117,128,WLFRDAGTHDGL,,,11.0,1387.6753,VHL-CRL2,5.0,1390.048933,0.06135,1.544074,0.19519,5.553511,0.005499
VHL_HUMAN,117,128,WLFRDAGTHDGL,,,11.0,1387.6753,VHL-CRL2,30.000002,1390.32817,0.073191,1.823311,0.19923,5.549546,0.006244
VHL_HUMAN,117,129,WLFRDAGTHDGLL,,,12.0,1500.7594,VHL,0.0,1501.637127,0.095535,0.0,0.0,5.980531,0.00513
VHL_HUMAN,117,129,WLFRDAGTHDGLL,,,12.0,1500.7594,VHL,0.25,1502.497095,0.08274,0.859968,0.126383,5.997566,0.004353
VHL_HUMAN,117,129,WLFRDAGTHDGLL,,,12.0,1500.7594,VHL,5.0,1503.121598,0.082551,1.484471,0.12626,6.004584,0.003722
VHL_HUMAN,117,129,WLFRDAGTHDGLL,,,12.0,1500.7594,VHL,30.000002,1503.531095,0.079075,1.893968,0.124015,6.005611,0.009662
VHL_HUMAN,117,129,WLFRDAGTHDGLL,,,12.0,1500.7594,VHL-CRL2,0.0,1501.649813,0.056727,0.0,0.0,5.996071,0.006876
VHL_HUMAN,117,129,WLFRDAGTHDGLL,,,12.0,1500.7594,VHL-CRL2,0.25,1502.6782,0.053627,1.028386,0.078063,5.993883,0.002611
VHL_HUMAN,117,129,WLFRDAGTHDGLL,,,12.0,1500.7594,VHL-CRL2,5.0,1503.221085,0.05193,1.571272,0.076907,5.98593,0.005096
VHL_HUMAN,117,129,WLFRDAGTHDGLL,,,12.0,1500.7594,VHL-CRL2,30.000002,1503.521703,0.075848,1.87189,0.094714,5.984638,0.003783
VHL_HUMAN,129,135,LVNQTEL,,,6.0,816.4462,VHL,0.0,816.792453,0.026783,0.0,0.0,4.574203,0.004176
VHL_HUMAN,129,135,LVNQTEL,,,6.0,816.4462,VHL,0.25,817.745323,0.041647,0.95287,0.049516,4.582923,0.007559
VHL_HUMAN,129,135,LVNQTEL,,,6.0,816.4462,VHL,5.0,818.199963,0.045186,1.40751,0.052528,4.59249,0.007229
VHL_HUMAN,129,135,LVNQTEL,,,6.0,816.4462,VHL,30.000002,818.97333,0.018557,2.180878,0.032584,4.59038,0.005867
VHL_HUMAN,129,135,LVNQTEL,,,6.0,816.4462,VHL-CRL2,0.0,816.687474,0.026665,0.0,0.0,4.564303,0.009213
VHL_HUMAN,129,135,LVNQTEL,,,6.0,816.4462,VHL-CRL2,0.25,817.959841,0.082402,1.272368,0.086609,4.569194,0.004739
VHL_HUMAN,129,135,LVNQTEL,,,6.0,816.4462,VHL-CRL2,5.0,818.289779,0.052947,1.602306,0.059282,4.56661,0.003177
VHL_HUMAN,129,135,LVNQTEL,,,6.0,816.4462,VHL-CRL2,30.000002,819.132454,0.048784,2.444981,0.055596,4.556715,0.005312
VHL_HUMAN,136,142,FVPSLNV,,,5.0,775.4349,VHL,0.0,775.830206,0.023719,0.0,0.0,5.618999,0.002881
VHL_HUMAN,136,142,FVPSLNV,,,5.0,775.4349,VHL,0.25,779.143101,0.009099,3.312895,0.025404,5.636304,0.004281
VHL_HUMAN,136,142,FVPSLNV,,,5.0,775.4349,VHL,5.0,779.0617,0.020092,3.231495,0.031085,5.642755,0.005579
VHL_HUMAN,136,142,FVPSLNV,,,5.0,775.4349,VHL,30.000002,779.072064,0.019918,3.241858,0.030973,5.646872,0.010993
VHL_HUMAN,136,142,FVPSLNV,,,5.0,775.4349,VHL-CRL2,0.0,775.740931,0.013001,0.0,0.0,5.563932,0.128184
VHL_HUMAN,136,142,FVPSLNV,,,5.0,775.4349,VHL-CRL2,0.25,779.150344,0.028526,3.409413,0.031349,5.61745,0.004799
VHL_HUMAN,136,142,FVPSLNV,,,5.0,775.4349,VHL-CRL2,5.0,779.057615,0.017789,3.316684,0.022034,5.613898,0.003962
VHL_HUMAN,136,142,FVPSLNV,,,5.0,775.4349,VHL-CRL2,30.000002,779.046887,0.026917,3.305956,0.029892,5.609379,0.005588
VHL_HUMAN,141,148,NVDGQPIF,,,6.0,889.4414,VHL,0.0,889.946172,0.021926,0.0,0.0,5.685276,0.004201
VHL_HUMAN,141,148,NVDGQPIF,,,6.0,889.4414,VHL,0.25,891.655799,0.074747,1.709626,0.077897,5.706012,0.00585
VHL_HUMAN,141,148,NVDGQPIF,,,6.0,889.4414,VHL,5.0,892.716086,0.034847,2.769913,0.041171,5.704589,0.01118
VHL_HUMAN,141,148,NVDGQPIF,,,6.0,889.4414,VHL,30.000002,893.358217,0.044164,3.412045,0.049307,5.706343,0.015347
VHL_HUMAN,141,148,NVDGQPIF,,,6.0,889.4414,VHL-CRL2,0.0,889.904171,0.042522,0.0,0.0,5.67726,0.009534
VHL_HUMAN,141,148,NVDGQPIF,,,6.0,889.4414,VHL-CRL2,0.25,891.877429,0.060666,1.973258,0.074084,5.68542,0.006654
VHL_HUMAN,141,148,NVDGQPIF,,,6.0,889.4414,VHL-CRL2,5.0,892.796329,0.010238,2.892158,0.043737,5.683799,0.006918
VHL_HUMAN,141,148,NVDGQPIF,,,6.0,889.4414,VHL-CRL2,30.000002,893.318254,0.011399,3.414083,0.044023,5.680175,0.010659
VHL_HUMAN,149,156,ANITLPVY,,,6.0,890.4982,VHL,0.0,891.013093,0.009533,0.0,0.0,5.760887,0.004952
VHL_HUMAN,149,156,ANITLPVY,,,6.0,890.4982,VHL,0.25,891.179568,0.0,0.166475,0.009533,5.773641,0.0
VHL_HUMAN,149,156,ANITLPVY,,,6.0,890.4982,VHL,5.0,892.06855,0.003898,1.055457,0.010299,5.77747,0.00664
VHL_HUMAN,149,156,ANITLPVY,,,6.0,890.4982,VHL,30.000002,892.07602,0.036867,1.062927,0.03808,5.782934,0.00817
VHL_HUMAN,149,156,ANITLPVY,,,6.0,890.4982,VHL-CRL2,0.0,890.944199,0.077439,0.0,0.0,5.762194,0.008837
VHL_HUMAN,149,156,ANITLPVY,,,6.0,890.4982,VHL-CRL2,0.25,891.247942,0.146365,0.303743,0.165588,5.764901,0.005555
VHL_HUMAN,149,156,ANITLPVY,,,6.0,890.4982,VHL-CRL2,5.0,891.947104,0.090296,1.002905,0.118955,5.766996,0.00114
VHL_HUMAN,149,156,ANITLPVY,,,6.0,890.4982,VHL-CRL2,30.000002,892.322001,0.262809,1.377802,0.273981,5.75698,0.00597
VHL_HUMAN,149,162,ANITLPVYTLKERC,,,12.0,1620.8778,VHL,0.0,1621.846568,0.06991,0.0,0.0,5.232552,0.004068
VHL_HUMAN,149,162,ANITLPVYTLKERC,,,12.0,1620.8778,VHL,0.25,1622.667082,0.147174,0.820514,0.162935,5.24015,0.00638
VHL_HUMAN,149,162,ANITLPVYTLKERC,,,12.0,1620.8778,VHL,5.0,1623.856928,0.074763,2.01036,0.102357,5.244631,0.005373
VHL_HUMAN,149,162,ANITLPVYTLKERC,,,12.0,1620.8778,VHL,30.000002,1624.317768,0.080967,2.4712,0.106972,5.245847,0.008741
VHL_HUMAN,149,162,ANITLPVYTLKERC,,,12.0,1620.8778,VHL-CRL2,0.0,1621.799485,0.015595,0.0,0.0,5.230648,0.007653
VHL_HUMAN,149,162,ANITLPVYTLKERC,,,12.0,1620.8778,VHL-CRL2,0.25,1622.902136,0.187003,1.102651,0.187652,5.236326,0.006047
VHL_HUMAN,149,162,ANITLPVYTLKERC,,,12.0,1620.8778,VHL-CRL2,5.0,1624.200507,0.086323,2.401022,0.087721,5.222106,0.003374
VHL_HUMAN,149,162,ANITLPVYTLKERC,,,12.0,1620.8778,VHL-CRL2,30.000002,1624.51582,0.026153,2.716335,0.030449,5.218758,0.006985
VHL_HUMAN,153,164,LPVYTLKERCLQ,,,10.0,1462.8086,VHL,0.0,1463.558518,0.030377,0.0,0.0,5.435543,0.00741
VHL_HUMAN,153,164,LPVYTLKERCLQ,,,10.0,1462.8086,VHL,0.25,1464.070233,0.114747,0.511715,0.1187,5.447512,0.007109
VHL_HUMAN,153,164,LPVYTLKERCLQ,,,10.0,1462.8086,VHL,5.0,1465.206511,0.176496,1.647993,0.179091,5.456485,0.0048
VHL_HUMAN,153,164,LPVYTLKERCLQ,,,10.0,1462.8086,VHL,30.000002,1465.427287,0.074552,1.868769,0.080503,5.453411,0.01228
VHL_HUMAN,153,164,LPVYTLKERCLQ,,,10.0,1462.8086,VHL-CRL2,0.0,1463.628071,0.068707,0.0,0.0,5.433948,0.007889
VHL_HUMAN,153,164,LPVYTLKERCLQ,,,10.0,1462.8086,VHL-CRL2,0.25,1464.402528,0.091774,0.774457,0.114644,5.435537,0.003275
VHL_HUMAN,153,164,LPVYTLKERCLQ,,,10.0,1462.8086,VHL-CRL2,5.0,1465.346032,0.158195,1.71796,0.172471,5.43092,0.002604
VHL_HUMAN,153,164,LPVYTLKERCLQ,,,10.0,1462.8086,VHL-CRL2,30.000002,1465.841371,0.21073,2.2133,0.221648,5.424058,0.005071
VHL_HUMAN,154,160,PVYTLKE,,,5.0,849.4716,VHL,0.0,849.942124,0.021538,0.0,0.0,4.239509,0.003897
VHL_HUMAN,154,160,PVYTLKE,,,5.0,849.4716,VHL,0.25,850.320036,0.032226,0.377912,0.038761,4.256541,0.004198
VHL_HUMAN,154,160,PVYTLKE,,,5.0,849.4716,VHL,5.0,850.901415,0.030447,0.959291,0.037295,4.261836,0.003038
VHL_HUMAN,154,160,PVYTLKE,,,5.0,849.4716,VHL,30.000002,851.117958,0.031192,1.175835,0.037906,4.260141,0.00935
VHL_HUMAN,154,160,PVYTLKE,,,5.0,849.4716,VHL-CRL2,0.0,849.857861,0.014329,0.0,0.0,4.225201,0.009328
VHL_HUMAN,154,160,PVYTLKE,,,5.0,849.4716,VHL-CRL2,0.25,850.466624,0.047263,0.608763,0.049387,4.233789,0.005643
VHL_HUMAN,154,160,PVYTLKE,,,5.0,849.4716,VHL-CRL2,5.0,850.775862,0.059395,0.918001,0.061099,5.008504,0.005698
VHL_HUMAN,154,160,PVYTLKE,,,5.0,849.4716,VHL-CRL2,30.000002,851.19287,0.047054,1.335008,0.049187,4.760617,0.357795
VHL_HUMAN,163,174,LQVVRSLVKPEN,,,10.0,1381.8162,VHL,0.0,1382.511447,0.04788,0.0,0.0,4.046758,0.007488
VHL_HUMAN,163,174,LQVVRSLVKPEN,,,10.0,1381.8162,VHL,0.25,1384.10764,0.04607,1.596193,0.066445,4.04807,0.004583
VHL_HUMAN,163,174,LQVVRSLVKPEN,,,10.0,1381.8162,VHL,5.0,1384.596331,0.080266,2.084883,0.093462,4.061578,0.0012
VHL_HUMAN,163,174,LQVVRSLVKPEN,,,10.0,1381.8162,VHL,30.000002,1384.825357,0.057675,2.31391,0.074959,4.059412,0.011056
VHL_HUMAN,163,174,LQVVRSLVKPEN,,,10.0,1381.8162,VHL-CRL2,0.0,1382.355563,0.068841,0.0,0.0,4.026484,0.013352
VHL_HUMAN,163,174,LQVVRSLVKPEN,,,10.0,1381.8162,VHL-CRL2,0.25,1384.01382,0.086354,1.658257,0.110436,4.034885,0.007266
VHL_HUMAN,163,174,LQVVRSLVKPEN,,,10.0,1381.8162,VHL-CRL2,5.0,1384.419803,0.081161,2.06424,0.106424,4.029681,0.010444
VHL_HUMAN,163,174,LQVVRSLVKPEN,,,10.0,1381.8162,VHL-CRL2,30.000002,1384.61906,0.134633,2.263496,0.151212,4.031626,0.008744
VHL_HUMAN,164,174,QVVRSLVKPEN,,,9.0,1268.7321,VHL,0.0,1269.415303,0.076594,0.0,0.0,4.028669,0.001786
VHL_HUMAN,164,174,QVVRSLVKPEN,,,9.0,1268.7321,VHL,0.25,1270.674601,0.046241,1.259298,0.08947,4.043613,0.005353
VHL_HUMAN,164,174,QVVRSLVKPEN,,,9.0,1268.7321,VHL,5.0,1271.451544,0.108354,2.036241,0.132692,4.050944,0.003459
VHL_HUMAN,164,174,QVVRSLVKPEN,,,9.0,1268.7321,VHL,30.000002,1271.421801,0.027992,2.006498,0.081548,4.051659,0.008598
VHL_HUMAN,164,174,QVVRSLVKPEN,,,9.0,1268.7321,VHL-CRL2,0.0,1269.452642,0.016929,0.0,0.0,4.032415,0.011708
VHL_HUMAN,164,174,QVVRSLVKPEN,,,9.0,1268.7321,VHL-CRL2,0.25,1270.874459,0.007472,1.421817,0.018505,4.04038,0.009576
VHL_HUMAN,164,174,QVVRSLVKPEN,,,9.0,1268.7321,VHL-CRL2,5.0,1271.423649,0.135025,1.971007,0.136082,4.024643,0.0044
VHL_HUMAN,164,174,QVVRSLVKPEN,,,9.0,1268.7321,VHL-CRL2,30.000002,1271.567944,0.031562,2.115302,0.035816,4.032732,0.007493
VHL_HUMAN,165,174,VVRSLVKPEN,,,8.0,1140.6735,VHL,0.0,1141.252476,0.03083,0.0,0.0,4.039823,0.001956
VHL_HUMAN,165,174,VVRSLVKPEN,,,8.0,1140.6735,VHL,0.25,1142.546772,0.127522,1.294296,0.131195,4.046453,0.003946
VHL_HUMAN,165,174,VVRSLVKPEN,,,8.0,1140.6735,VHL,5.0,1143.106246,0.035509,1.85377,0.047025,4.04925,0.006739
VHL_HUMAN,165,174,VVRSLVKPEN,,,8.0,1140.6735,VHL,30.000002,1143.223852,0.029245,1.971376,0.042494,4.052506,0.008107
VHL_HUMAN,165,174,VVRSLVKPEN,,,8.0,1140.6735,VHL-CRL2,0.0,1141.17447,0.063961,0.0,0.0,4.029311,0.009471
VHL_HUMAN,165,174,VVRSLVKPEN,,,8.0,1140.6735,VHL-CRL2,0.25,1142.335501,0.079752,1.16103,0.102232,4.036594,0.01361
VHL_HUMAN,165,174,VVRSLVKPEN,,,8.0,1140.6735,VHL-CRL2,5.0,1143.142902,0.112202,1.968432,0.129152,4.032731,0.004992
VHL_HUMAN,165,174,VVRSLVKPEN,,,8.0,1140.6735,VHL-CRL2,30.000002,1143.114674,0.087511,1.940203,0.108394,4.02653,0.007833
VHL_HUMAN,165,175,VVRSLVKPENY,,,9.0,1303.7369,VHL,0.0,1304.375529,0.074304,0.0,0.0,3.948532,0.005738
VHL_HUMAN,165,175,VVRSLVKPENY,,,9.0,1303.7369,VHL,0.25,1305.929155,0.054576,1.553626,0.092193,3.959057,0.007842
VHL_HUMAN,165,175,VVRSLVKPENY,,,9.0,1303.7369,VHL,5.0,1306.493854,0.035312,2.118325,0.082268,3.969001,0.003536
VHL_HUMAN,165,175,VVRSLVKPENY,,,9.0,1303.7369,VHL,30.000002,1306.534585,0.035254,2.159056,0.082243,3.968093,0.008266
VHL_HUMAN,165,175,VVRSLVKPENY,,,9.0,1303.7369,VHL-CRL2,0.0,1304.235431,0.148714,0.0,0.0,3.776938,0.23101
VHL_HUMAN,165,175,VVRSLVKPENY,,,9.0,1303.7369,VHL-CRL2,0.25,1305.671607,0.072445,1.436176,0.165421,3.952149,0.004374
VHL_HUMAN,165,175,VVRSLVKPENY,,,9.0,1303.7369,VHL-CRL2,5.0,1306.286045,0.020062,2.050614,0.150061,3.947242,0.005324
VHL_HUMAN,165,175,VVRSLVKPENY,,,9.0,1303.7369,VHL-CRL2,30.000002,1306.295907,0.033596,2.060476,0.152462,3.936277,0.007228
VHL_HUMAN,165,184,VVRSLVKPENYRRLDIVRSL,,,18.0,2412.4198,VHL,0.0,2413.594322,0.184747,0.0,0.0,4.610744,0.00649
VHL_HUMAN,165,184,VVRSLVKPENYRRLDIVRSL,,,18.0,2412.4198,VHL,0.25,2416.735135,0.079974,3.140813,0.201314,4.617688,0.006877
VHL_HUMAN,165,184,VVRSLVKPENYRRLDIVRSL,,,18.0,2412.4198,VHL,5.0,2418.019215,0.068663,4.424892,0.197094,4.627175,0.006944
VHL_HUMAN,165,184,VVRSLVKPENYRRLDIVRSL,,,18.0,2412.4198,VHL,30.000002,2418.416725,0.032258,4.822403,0.187542,4.62736,0.010062
VHL_HUMAN,165,184,VVRSLVKPENYRRLDIVRSL,,,18.0,2412.4198,VHL-CRL2,0.0,2413.509421,0.171667,0.0,0.0,4.609088,0.011944
VHL_HUMAN,165,184,VVRSLVKPENYRRLDIVRSL,,,18.0,2412.4198,VHL-CRL2,0.25,2416.732852,0.075407,3.223431,0.187499,4.598286,0.010604
VHL_HUMAN,165,184,VVRSLVKPENYRRLDIVRSL,,,18.0,2412.4198,VHL-CRL2,5.0,2417.932597,0.054315,4.423176,0.180055,4.603769,0.001783
VHL_HUMAN,165,184,VVRSLVKPENYRRLDIVRSL,,,18.0,2412.4198,VHL-CRL2,30.000002,2418.328743,0.100259,4.819322,0.1988,4.602452,0.004728
VHL_HUMAN,185,199,YEDLEDHPNVQKDLE,,,13.0,1843.8345,VHL,0.0,1844.716058,0.010291,0.0,0.0,4.328669,0.003375
VHL_HUMAN,185,199,YEDLEDHPNVQKDLE,,,13.0,1843.8345,VHL,0.25,1847.075499,0.117599,2.359441,0.118049,4.340192,0.003527
VHL_HUMAN,185,199,YEDLEDHPNVQKDLE,,,13.0,1843.8345,VHL,5.0,1848.57695,0.075407,3.860892,0.076106,4.343504,0.007352
VHL_HUMAN,185,199,YEDLEDHPNVQKDLE,,,13.0,1843.8345,VHL,30.000002,1849.160202,0.084868,4.444144,0.08549,4.346288,0.008214
VHL_HUMAN,185,199,YEDLEDHPNVQKDLE,,,13.0,1843.8345,VHL-CRL2,0.0,1844.746787,0.052454,0.0,0.0,4.320171,0.007047
VHL_HUMAN,185,199,YEDLEDHPNVQKDLE,,,13.0,1843.8345,VHL-CRL2,0.25,1847.475704,0.101158,2.728917,0.113949,4.329146,0.008415
VHL_HUMAN,185,199,YEDLEDHPNVQKDLE,,,13.0,1843.8345,VHL-CRL2,5.0,1848.511812,0.095095,3.765025,0.108602,4.317871,0.002556
VHL_HUMAN,185,199,YEDLEDHPNVQKDLE,,,13.0,1843.8345,VHL-CRL2,30.000002,1849.332476,0.020868,4.585689,0.056452,4.313619,0.00611
VHL_HUMAN,185,204,YEDLEDHPNVQKDLERLTQE,,,18.0,2471.1685,VHL,0.0,2472.31803,0.12294,0.0,0.0,5.261788,0.001181
VHL_HUMAN,185,204,YEDLEDHPNVQKDLERLTQE,,,18.0,2471.1685,VHL,0.25,2475.981935,0.064924,3.663906,0.13903,5.258004,0.003364
VHL_HUMAN,185,204,YEDLEDHPNVQKDLERLTQE,,,18.0,2471.1685,VHL,5.0,2478.955089,0.115444,6.637059,0.168646,5.242155,0.011692
VHL_HUMAN,185,204,YEDLEDHPNVQKDLERLTQE,,,18.0,2471.1685,VHL,30.000002,2480.822652,0.082287,8.504622,0.147937,5.239564,0.010571
VHL_HUMAN,185,204,YEDLEDHPNVQKDLERLTQE,,,18.0,2471.1685,VHL-CRL2,0.0,2472.492544,0.030439,0.0,0.0,5.260469,0.006398
VHL_HUMAN,185,204,YEDLEDHPNVQKDLERLTQE,,,18.0,2471.1685,VHL-CRL2,0.25,2476.221283,0.126406,3.728739,0.130019,5.247847,0.006514
VHL_HUMAN,185,204,YEDLEDHPNVQKDLERLTQE,,,18.0,2471.1685,VHL-CRL2,5.0,2479.301381,0.04515,6.808837,0.054452,5.234275,0.003213
VHL_HUMAN,185,204,YEDLEDHPNVQKDLERLTQE,,,18.0,2471.1685,VHL-CRL2,30.000002,2480.94358,0.051284,8.451036,0.059638,5.22502,0.002781
VHL_HUMAN,189,201,EDHPNVQKDLERL,,,11.0,1592.8027,VHL,0.0,1593.435701,0.029479,0.0,0.0,4.530132,0.00285
VHL_HUMAN,189,201,EDHPNVQKDLERL,,,11.0,1592.8027,VHL,0.25,1595.847285,0.053951,2.411584,0.06148,4.540285,0.001431
VHL_HUMAN,189,201,EDHPNVQKDLERL,,,11.0,1592.8027,VHL,5.0,1597.655948,0.025103,4.220246,0.03872,4.534531,0.005789
VHL_HUMAN,189,201,EDHPNVQKDLERL,,,11.0,1592.8027,VHL,30.000002,1599.046025,0.064979,5.610324,0.071353,4.537603,0.008552
VHL_HUMAN,189,201,EDHPNVQKDLERL,,,11.0,1592.8027,VHL-CRL2,0.0,1593.331965,0.069024,0.0,0.0,4.527443,0.003097
VHL_HUMAN,189,201,EDHPNVQKDLERL,,,11.0,1592.8027,VHL-CRL2,0.25,1596.005692,0.181151,2.673727,0.193856,4.530889,0.004632
VHL_HUMAN,189,201,EDHPNVQKDLERL,,,11.0,1592.8027,VHL-CRL2,5.0,1597.874392,0.129302,4.542427,0.146572,4.519453,0.00605
VHL_HUMAN,189,201,EDHPNVQKDLERL,,,11.0,1592.8027,VHL-CRL2,30.000002,1599.333489,0.111167,6.001524,0.130853,4.50997,0.010457
VHL_HUMAN,189,213,EDHPNVQKDLERLTQERIAHQRMGD,,,23.0,3015.4813,VHL,0.0,3017.278291,0.047055,0.0,0.0,4.52726,0.004692
VHL_HUMAN,189,213,EDHPNVQKDLERLTQERIAHQRMGD,,,23.0,3015.4813,VHL,0.25,3024.929009,0.382052,7.650718,0.384938,4.541323,0.00465
VHL_HUMAN,189,213,EDHPNVQKDLERLTQERIAHQRMGD,,,23.0,3015.4813,VHL,5.0,3028.311415,0.057693,11.033125,0.074449,4.540986,0.0017
VHL_HUMAN,189,213,EDHPNVQKDLERLTQERIAHQRMGD,,,23.0,3015.4813,VHL,30.000002,3029.896704,0.154066,12.618414,0.161091,4.535561,0.010084
VHL_HUMAN,189,213,EDHPNVQKDLERLTQERIAHQRMGD,,,23.0,3015.4813,VHL-CRL2,0.0,3016.987452,0.319638,0.0,0.0,4.521682,0.010058
VHL_HUMAN,189,213,EDHPNVQKDLERLTQERIAHQRMGD,,,23.0,3015.4813,VHL-CRL2,0.25,3025.446489,0.231536,8.459038,0.394687,4.530212,0.003473
VHL_HUMAN,189,213,EDHPNVQKDLERLTQERIAHQRMGD,,,23.0,3015.4813,VHL-CRL2,5.0,3028.516769,0.067275,11.529318,0.326641,4.524734,0.00235
VHL_HUMAN,189,213,EDHPNVQKDLERLTQERIAHQRMGD,,,23.0,3015.4813,VHL-CRL2,30.000002,3029.980657,0.070142,12.993205,0.327244,4.511179,0.005758
VHL_HUMAN,192,203,PNVQKDLERLTQ,,,10.0,1440.7805,VHL,0.0,1440.785291,0.023416,0.0,0.0,4.041804,0.00194
VHL_HUMAN,192,203,PNVQKDLERLTQ,,,10.0,1440.7805,VHL,0.25,1441.472179,0.056621,0.686888,0.061272,4.069725,0.016062
VHL_HUMAN,192,203,PNVQKDLERLTQ,,,10.0,1440.7805,VHL,5.0,1441.615645,0.076399,0.830355,0.079907,4.073318,0.002109
VHL_HUMAN,192,203,PNVQKDLERLTQ,,,10.0,1440.7805,VHL,30.000002,1441.918582,0.090501,1.133291,0.093481,4.062639,0.0106
VHL_HUMAN,192,203,PNVQKDLERLTQ,,,10.0,1440.7805,VHL-CRL2,0.0,1441.478215,0.099623,0.0,0.0,3.604725,0.00317
VHL_HUMAN,192,203,PNVQKDLERLTQ,,,10.0,1440.7805,VHL-CRL2,0.25,1442.16856,0.0267,0.690345,0.103139,3.607301,0.012411
VHL_HUMAN,192,203,PNVQKDLERLTQ,,,10.0,1440.7805,VHL-CRL2,5.0,1442.371575,0.072304,0.89336,0.123096,3.606113,0.00521
VHL_HUMAN,192,203,PNVQKDLERLTQ,,,10.0,1440.7805,VHL-CRL2,30.000002,1442.863153,0.013104,1.384938,0.100482,3.603149,0.018279
