Protein,Start,End,PepID,Size,Sequence,Modification,Fragment,MaxUptake,MHP,State,Exposure,Center,Center SD,Uptake,Uptake SD,RT,RT SD,Uptake_corr,Uptake_SD_corr,Percent_Uptake_corr,ExposureCorrection,PeptideCorrection
RSK2,260,280,220,21,MFEMLTGTLPFQGKDRKETMT,,,19,2461.1924,RSK2-ERK2,0,2462.773626,0.132399,0,0,4.540199,0.008064,0,0,0,1,1
RSK2,260,280,220,21,MFEMLTGTLPFQGKDRKETMT,,,19,2461.1924,RSK2-ERK2,0.5,2467.579411,0.133368,4.805785,0.187927,4.546158,0.001202,6.161262821,0.240932051,32.42769906,0.78,1
RSK2,260,280,220,21,MFEMLTGTLPFQGKDRKETMT,,,19,2461.1924,RSK2-ERK2,1,2468.121961,0.137156,5.348335,0.190634,4.541483,0.003564,7.131113333,0.254178667,37.53217544,0.75,1
RSK2,260,280,220,21,MFEMLTGTLPFQGKDRKETMT,,,19,2461.1924,RSK2-ERK2,2,2468.736785,0.3106,5.963159,0.337642,4.543925,0.004388,8.518798571,0.482345714,44.83578195,0.7,1
RSK2,260,280,220,21,MFEMLTGTLPFQGKDRKETMT,,,19,2461.1924,RSK2-ERK2,5,2468.917797,0.25954,6.144171,0.29136,4.546732,0.004153,8.777387143,0.416228571,46.19677444,0.7,1
RSK2,260,280,220,21,MFEMLTGTLPFQGKDRKETMT,,,19,2461.1924,RSK2-ERK2-ORF45,0,2462.688254,0.158654,0,0,4.545764,0.003313,0,0,0,1,1
RSK2,260,280,220,21,MFEMLTGTLPFQGKDRKETMT,,,19,2461.1924,RSK2-ERK2-ORF45,0.5,2466.290867,0.292093,3.602613,0.3324,4.548918,0.0029,4.618734615,0.426153846,24.30912955,0.78,1
RSK2,260,280,220,21,MFEMLTGTLPFQGKDRKETMT,,,19,2461.1924,RSK2-ERK2-ORF45,1,2466.802745,0.245975,4.114491,0.292703,4.541012,0.004339,5.485988,0.390270667,28.87362105,0.75,1
RSK2,260,280,220,21,MFEMLTGTLPFQGKDRKETMT,,,19,2461.1924,RSK2-ERK2-ORF45,2,2467.03986,0.328577,4.351606,0.364876,4.543231,0.002343,6.21658,0.521251429,32.71884211,0.7,1
RSK2,260,280,220,21,MFEMLTGTLPFQGKDRKETMT,,,19,2461.1924,RSK2-ERK2-ORF45,5,2467.59433,0.319116,4.906076,0.35638,4.540263,0.003282,7.00868,0.509114286,36.88778947,0.7,1
RSK2,260,281,221,22,MFEMLTGTLPFQGKDRKETMTM,,,20,2592.2329,RSK2-ERK2,0,2593.937549,0.098702,0,0,4.68274,0.007507,0,0,0,1,1
RSK2,260,281,221,22,MFEMLTGTLPFQGKDRKETMTM,,,20,2592.2329,RSK2-ERK2,0.5,2599.279671,0.068814,5.342121,0.120323,4.691145,0.005588,6.848873077,0.154260256,34.24436538,0.78,1
RSK2,260,281,221,22,MFEMLTGTLPFQGKDRKETMTM,,,20,2592.2329,RSK2-ERK2,1,2600.083357,0.101214,6.145808,0.141374,4.681008,0.002336,8.194410667,0.188498667,40.97205333,0.75,1
RSK2,260,281,221,22,MFEMLTGTLPFQGKDRKETMTM,,,20,2592.2329,RSK2-ERK2,2,2600.826347,0.211779,6.888798,0.233651,4.686765,0.003531,9.84114,0.333787143,49.2057,0.7,1
RSK2,260,281,221,22,MFEMLTGTLPFQGKDRKETMTM,,,20,2592.2329,RSK2-ERK2,5,2601.338691,0.040525,7.401142,0.106698,4.689493,0.002428,10.57306,0.152425714,52.8653,0.7,1
RSK2,260,281,221,22,MFEMLTGTLPFQGKDRKETMTM,,,20,2592.2329,RSK2-ERK2-ORF45,0,2593.956758,0.122392,0,0,4.688609,0.001659,0,0,0,1,1
RSK2,260,281,221,22,MFEMLTGTLPFQGKDRKETMTM,,,20,2592.2329,RSK2-ERK2-ORF45,0.5,2597.389078,0.150263,3.432319,0.193801,4.687636,0.003641,4.400408974,0.248462821,22.00204487,0.78,1
RSK2,260,281,221,22,MFEMLTGTLPFQGKDRKETMTM,,,20,2592.2329,RSK2-ERK2-ORF45,1,2597.851485,0.126067,3.894726,0.175707,4.684432,0.002175,5.192968,0.234276,25.96484,0.75,1
RSK2,260,281,221,22,MFEMLTGTLPFQGKDRKETMTM,,,20,2592.2329,RSK2-ERK2-ORF45,2,2598.129388,0.162572,4.17263,0.203493,4.684358,0.002684,5.9609,0.290704286,29.8045,0.7,1
RSK2,260,281,221,22,MFEMLTGTLPFQGKDRKETMTM,,,20,2592.2329,RSK2-ERK2-ORF45,5,2598.673924,0.109347,4.717166,0.164124,4.683228,0.002559,6.738808571,0.234462857,33.69404286,0.7,1
RSK2,261,279,222,19,FEMLTGTLPFQGKDRKETM,,,17,2229.1042,RSK2-ERK2,0,2230.221854,0.178737,0,0,4.266568,0.005266,0,0,0,1,1
RSK2,261,279,222,19,FEMLTGTLPFQGKDRKETM,,,17,2229.1042,RSK2-ERK2,0.5,2235.423695,0.012925,5.201841,0.179204,4.272301,0.002398,6.669026923,0.229748718,39.22957014,0.78,1
RSK2,261,279,222,19,FEMLTGTLPFQGKDRKETM,,,17,2229.1042,RSK2-ERK2,1,2235.870625,0.055422,5.648771,0.187133,4.273948,0.002504,7.531694667,0.249510667,44.30408627,0.75,1
RSK2,261,279,222,19,FEMLTGTLPFQGKDRKETM,,,17,2229.1042,RSK2-ERK2,2,2236.20693,0.283974,5.985076,0.335542,4.274188,0.004419,8.550108571,0.479345714,50.2947563,0.7,1
RSK2,261,279,222,19,FEMLTGTLPFQGKDRKETM,,,17,2229.1042,RSK2-ERK2,5,2236.593387,0.242301,6.371533,0.301093,4.276454,0.005336,9.10219,0.430132857,53.54229412,0.7,1
RSK2,261,279,222,19,FEMLTGTLPFQGKDRKETM,,,17,2229.1042,RSK2-ERK2-ORF45,0,2230.474318,0.055027,0,0,4.272709,0.003578,0,0,0,1,1
RSK2,261,279,222,19,FEMLTGTLPFQGKDRKETM,,,17,2229.1042,RSK2-ERK2-ORF45,0.5,2234.671536,0.333096,4.197218,0.33761,4.274374,0.004955,5.381048718,0.432833333,31.65322775,0.78,1
RSK2,261,279,222,19,FEMLTGTLPFQGKDRKETM,,,17,2229.1042,RSK2-ERK2-ORF45,1,2235.302606,0.051404,4.828289,0.075302,4.266207,0.003776,6.437718667,0.100402667,37.86893333,0.75,1
RSK2,261,279,222,19,FEMLTGTLPFQGKDRKETM,,,17,2229.1042,RSK2-ERK2-ORF45,2,2235.657641,0.205155,5.183323,0.212406,4.266732,0.005142,7.404747143,0.303437143,43.55733613,0.7,1
RSK2,261,279,222,19,FEMLTGTLPFQGKDRKETM,,,17,2229.1042,RSK2-ERK2-ORF45,5,2236.244126,0.027393,5.769809,0.061468,4.263294,0.001813,8.242584286,0.087811429,48.48578992,0.7,1
RSK2,261,280,223,20,FEMLTGTLPFQGKDRKETMT,,,18,2330.1519,RSK2-ERK2,0,2331.606859,0.07654,0,0,4.21945,0.007169,0,0,0,1,1
RSK2,261,280,223,20,FEMLTGTLPFQGKDRKETMT,,,18,2330.1519,RSK2-ERK2,0.5,2336.769639,0.055515,5.16278,0.094553,4.222653,0.004906,6.618948718,0.121221795,36.77193732,0.78,1
RSK2,261,280,223,20,FEMLTGTLPFQGKDRKETMT,,,18,2330.1519,RSK2-ERK2,1,2337.615181,0.080073,6.008322,0.110771,4.22573,0.004751,8.011096,0.147694667,44.50608889,0.75,1
RSK2,261,280,223,20,FEMLTGTLPFQGKDRKETMT,,,18,2330.1519,RSK2-ERK2,2,2338.074855,0.086831,6.467996,0.11575,4.226083,0.002175,9.239994286,0.165357143,51.33330159,0.7,1
RSK2,261,280,223,20,FEMLTGTLPFQGKDRKETMT,,,18,2330.1519,RSK2-ERK2,5,2338.642636,0.235976,7.035777,0.248079,4.226172,0.006546,10.05111,0.354398571,55.8395,0.7,1
RSK2,261,280,223,20,FEMLTGTLPFQGKDRKETMT,,,18,2330.1519,RSK2-ERK2-ORF45,0,2331.606469,0.057335,0,0,4.223891,0.004071,0,0,0,1,1
RSK2,261,280,223,20,FEMLTGTLPFQGKDRKETMT,,,18,2330.1519,RSK2-ERK2-ORF45,0.5,2335.187024,0.077833,3.580555,0.096671,4.227288,0.002968,4.590455128,0.123937179,25.50252849,0.78,1
RSK2,261,280,223,20,FEMLTGTLPFQGKDRKETMT,,,18,2330.1519,RSK2-ERK2-ORF45,1,2335.627892,0.067427,4.021423,0.088508,4.220439,0.005713,5.361897333,0.118010667,29.78831852,0.75,1
RSK2,261,280,223,20,FEMLTGTLPFQGKDRKETMT,,,18,2330.1519,RSK2-ERK2-ORF45,2,2335.954959,0.077031,4.348489,0.096027,4.220638,0.004415,6.212127143,0.137181429,34.51181746,0.7,1
RSK2,261,280,223,20,FEMLTGTLPFQGKDRKETMT,,,18,2330.1519,RSK2-ERK2-ORF45,5,2336.409392,0.136676,4.802923,0.148214,4.219685,0.003463,6.861318571,0.211734286,38.11843651,0.7,1
RSK2,261,281,224,21,FEMLTGTLPFQGKDRKETMTM,,,19,2461.1924,RSK2-ERK2,0,2462.797111,0.086112,0,0,4.401805,0.004865,0,0,0,1,1
RSK2,261,281,224,21,FEMLTGTLPFQGKDRKETMTM,,,19,2461.1924,RSK2-ERK2,0.5,2468.116465,0.048156,5.319354,0.098663,4.403114,0.003799,6.819684615,0.126491026,35.89307692,0.78,1
RSK2,261,281,224,21,FEMLTGTLPFQGKDRKETMTM,,,19,2461.1924,RSK2-ERK2,1,2469.088108,0.036057,6.290997,0.093357,4.403874,0.002837,8.387996,0.124476,44.14734737,0.75,1
RSK2,261,281,224,21,FEMLTGTLPFQGKDRKETMTM,,,19,2461.1924,RSK2-ERK2,2,2469.641683,0.136641,6.844572,0.161512,4.406156,0.002195,9.77796,0.230731429,51.46294737,0.7,1
RSK2,261,281,224,21,FEMLTGTLPFQGKDRKETMTM,,,19,2461.1924,RSK2-ERK2,5,2470.243792,0.033958,7.446681,0.092566,4.406502,0.003848,10.63811571,0.132237143,55.99008271,0.7,1
RSK2,261,281,224,21,FEMLTGTLPFQGKDRKETMTM,,,19,2461.1924,RSK2-ERK2-ORF45,0,2462.809377,0.08241,0,0,4.405528,0.001933,0,0,0,1,1
RSK2,261,281,224,21,FEMLTGTLPFQGKDRKETMTM,,,19,2461.1924,RSK2-ERK2-ORF45,0.5,2466.236188,0.032739,3.426811,0.088675,4.409376,0.00362,4.393347436,0.113685897,23.12288124,0.78,1
RSK2,261,281,224,21,FEMLTGTLPFQGKDRKETMTM,,,19,2461.1924,RSK2-ERK2-ORF45,1,2466.711386,0.050547,3.902008,0.096677,4.403028,0.004012,5.202677333,0.128902667,27.38251228,0.75,1
RSK2,261,281,224,21,FEMLTGTLPFQGKDRKETMTM,,,19,2461.1924,RSK2-ERK2-ORF45,2,2466.994968,0.033609,4.18559,0.089,4.403372,0.002758,5.979414286,0.127142857,31.4706015,0.7,1
RSK2,261,281,224,21,FEMLTGTLPFQGKDRKETMTM,,,19,2461.1924,RSK2-ERK2-ORF45,5,2467.533909,0.038204,4.724532,0.090835,4.402938,0.002273,6.749331429,0.129764286,35.52279699,0.7,1
RSK2,262,279,225,18,EMLTGTLPFQGKDRKETM,,,16,2082.0358,RSK2-ERK2,0,2083.25615,0.077605,0,0,3.871834,0.004314,0,0,0,1,1
RSK2,262,279,225,18,EMLTGTLPFQGKDRKETM,,,16,2082.0358,RSK2-ERK2,0.5,2088.209401,0.237065,4.953251,0.249444,3.87098,0.002609,6.350321795,0.3198,39.68951122,0.78,1
RSK2,262,279,225,18,EMLTGTLPFQGKDRKETM,,,16,2082.0358,RSK2-ERK2,1,2088.742568,0.131283,5.486418,0.152505,3.866946,0.002628,7.315224,0.20334,45.72015,0.75,1
RSK2,262,279,225,18,EMLTGTLPFQGKDRKETM,,,16,2082.0358,RSK2-ERK2,2,2089.354727,0.094675,6.098577,0.122417,3.870769,0.002333,8.712252857,0.174881429,54.45158036,0.7,1
RSK2,262,279,225,18,EMLTGTLPFQGKDRKETM,,,16,2082.0358,RSK2-ERK2,5,2089.580983,0.119997,6.324833,0.142905,3.871144,0.003053,9.035475714,0.20415,56.47172321,0.7,1
RSK2,262,279,225,18,EMLTGTLPFQGKDRKETM,,,16,2082.0358,RSK2-ERK2-ORF45,0,2083.265353,0.0613,0,0,3.877025,0.005285,0,0,0,1,1
RSK2,262,279,225,18,EMLTGTLPFQGKDRKETM,,,16,2082.0358,RSK2-ERK2-ORF45,0.5,2086.996588,0.185352,3.731235,0.195225,3.874434,0.004425,4.783634615,0.250288462,29.89771635,0.78,1
RSK2,262,279,225,18,EMLTGTLPFQGKDRKETM,,,16,2082.0358,RSK2-ERK2-ORF45,1,2087.311892,0.278509,4.046539,0.285175,3.870476,0.005198,5.395385333,0.380233333,33.72115833,0.75,1
RSK2,262,279,225,18,EMLTGTLPFQGKDRKETM,,,16,2082.0358,RSK2-ERK2-ORF45,2,2087.790471,0.180758,4.525117,0.190869,3.869644,0.003375,6.464452857,0.27267,40.40283036,0.7,1
RSK2,262,279,225,18,EMLTGTLPFQGKDRKETM,,,16,2082.0358,RSK2-ERK2-ORF45,5,2088.111473,0.081294,4.84612,0.101816,3.870261,0.004365,6.923028571,0.145451429,43.26892857,0.7,1
RSK2,262,280,226,19,EMLTGTLPFQGKDRKETMT,,,17,2183.0835,RSK2-ERK2,0,2184.372759,0.029902,0,0,3.79803,0.003633,0,0,0,1,1
RSK2,262,280,226,19,EMLTGTLPFQGKDRKETMT,,,17,2183.0835,RSK2-ERK2,0.5,2189.673248,0.073677,5.300489,0.079514,3.797949,0.001198,6.795498718,0.101941026,39.97352187,0.78,1
RSK2,262,280,226,19,EMLTGTLPFQGKDRKETMT,,,17,2183.0835,RSK2-ERK2,1,2190.563915,0.094656,6.191156,0.099267,3.794306,0.00064,8.254874667,0.132356,48.55808627,0.75,1
RSK2,262,280,226,19,EMLTGTLPFQGKDRKETMT,,,17,2183.0835,RSK2-ERK2,2,2190.931845,0.168396,6.559086,0.17103,3.799796,0.001692,9.370122857,0.244328571,55.11836975,0.7,1
RSK2,262,280,226,19,EMLTGTLPFQGKDRKETMT,,,17,2183.0835,RSK2-ERK2,5,2191.535707,0.158279,7.162948,0.161079,3.800331,0.003418,10.23278286,0.230112857,60.19284034,0.7,1
RSK2,262,280,226,19,EMLTGTLPFQGKDRKETMT,,,17,2183.0835,RSK2-ERK2-ORF45,0,2184.408155,0.040333,0,0,3.801745,0.002217,0,0,0,1,1
RSK2,262,280,226,19,EMLTGTLPFQGKDRKETMT,,,17,2183.0835,RSK2-ERK2-ORF45,0.5,2188.134118,0.046554,3.725963,0.061596,3.803857,0.003494,4.776875641,0.078969231,28.09926848,0.78,1
RSK2,262,280,226,19,EMLTGTLPFQGKDRKETMT,,,17,2183.0835,RSK2-ERK2-ORF45,1,2188.589251,0.113945,4.181096,0.120873,3.79764,0.003186,5.574794667,0.161164,32.7929098,0.75,1
RSK2,262,280,226,19,EMLTGTLPFQGKDRKETMT,,,17,2183.0835,RSK2-ERK2-ORF45,2,2188.912989,0.084364,4.504834,0.09351,3.798473,0.00186,6.435477143,0.133585714,37.8557479,0.7,1
RSK2,262,280,226,19,EMLTGTLPFQGKDRKETMT,,,17,2183.0835,RSK2-ERK2-ORF45,5,2189.40853,0.115212,5.000375,0.122067,3.79785,0.002047,7.143392857,0.174381429,42.01995798,0.7,1
RSK2,262,281,227,20,EMLTGTLPFQGKDRKETMTM,,,18,2314.124,RSK2-ERK2,0,2315.575276,0.043026,0,0,4.04761,0.006938,0,0,0,1,1
RSK2,262,281,227,20,EMLTGTLPFQGKDRKETMTM,,,18,2314.124,RSK2-ERK2,0.5,2321.218849,0.037059,5.643573,0.056786,4.053983,0.002553,7.23535,0.072802564,40.19638889,0.78,1
RSK2,262,281,227,20,EMLTGTLPFQGKDRKETMTM,,,18,2314.124,RSK2-ERK2,1,2322.125025,0.049823,6.549749,0.06583,4.05522,0.007504,8.732998667,0.087773333,48.51665926,0.75,1
RSK2,262,281,227,20,EMLTGTLPFQGKDRKETMTM,,,18,2314.124,RSK2-ERK2,2,2322.70787,0.075081,7.132594,0.086536,4.056377,0.002371,10.18942,0.123622857,56.60788889,0.7,1
RSK2,262,281,227,20,EMLTGTLPFQGKDRKETMTM,,,18,2314.124,RSK2-ERK2,5,2323.39819,0.052673,7.822914,0.068013,4.055756,0.004965,11.17559143,0.097161429,62.08661905,0.7,1
RSK2,262,281,227,20,EMLTGTLPFQGKDRKETMTM,,,18,2314.124,RSK2-ERK2-ORF45,0,2315.597234,0.040524,0,0,4.056517,0.002287,0,0,0,1,1
RSK2,262,281,227,20,EMLTGTLPFQGKDRKETMTM,,,18,2314.124,RSK2-ERK2-ORF45,0.5,2319.191551,0.077422,3.594318,0.087387,4.058437,0.004044,4.6081,0.112034615,25.60055556,0.78,1
RSK2,262,281,227,20,EMLTGTLPFQGKDRKETMTM,,,18,2314.124,RSK2-ERK2-ORF45,1,2319.691847,0.077687,4.094613,0.087621,4.050896,0.003896,5.459484,0.116828,30.33046667,0.75,1
RSK2,262,281,227,20,EMLTGTLPFQGKDRKETMTM,,,18,2314.124,RSK2-ERK2-ORF45,2,2320.082999,0.018725,4.485765,0.044642,4.052177,0.001509,6.408235714,0.063774286,35.60130952,0.7,1
RSK2,262,281,227,20,EMLTGTLPFQGKDRKETMTM,,,18,2314.124,RSK2-ERK2-ORF45,5,2320.591492,0.09212,4.994258,0.10064,4.051045,0.002223,7.134654286,0.143771429,39.63696825,0.7,1
RSK2,263,280,228,18,MLTGTLPFQGKDRKETMT,,,16,2054.0409,RSK2-ERK2,0,2055.245426,0.029074,0,0,3.651528,0.004597,0,0,0,1,1
RSK2,263,280,228,18,MLTGTLPFQGKDRKETMT,,,16,2054.0409,RSK2-ERK2,0.5,2060.935599,0.25705,5.690172,0.258689,3.653806,0.001628,7.295092308,0.331652564,45.59432692,0.78,1
RSK2,263,280,228,18,MLTGTLPFQGKDRKETMT,,,16,2054.0409,RSK2-ERK2,1,2061.44383,0.083983,6.198403,0.088873,3.652484,0.002016,8.264537333,0.118497333,51.65335833,0.75,1
RSK2,263,280,228,18,MLTGTLPFQGKDRKETMT,,,16,2054.0409,RSK2-ERK2,2,2061.964785,0.101855,6.719358,0.105923,3.656799,0.000316,9.599082857,0.151318571,59.99426786,0.7,1
RSK2,263,280,228,18,MLTGTLPFQGKDRKETMT,,,16,2054.0409,RSK2-ERK2,5,2062.450306,0.169079,7.204879,0.17156,3.656093,0.003497,10.29268429,0.245085714,64.32927679,0.7,1
RSK2,263,280,228,18,MLTGTLPFQGKDRKETMT,,,16,2054.0409,RSK2-ERK2-ORF45,0,2055.284074,0.075657,0,0,3.656606,0.004504,0,0,0,1,1
RSK2,263,280,228,18,MLTGTLPFQGKDRKETMT,,,16,2054.0409,RSK2-ERK2-ORF45,0.5,2059.030126,0.003404,3.746052,0.075733,3.655203,0.003096,4.802630769,0.09709359,30.01644231,0.78,1
RSK2,263,280,228,18,MLTGTLPFQGKDRKETMT,,,16,2054.0409,RSK2-ERK2-ORF45,1,2059.433939,0.072145,4.149865,0.104541,3.654788,0.001964,5.533153333,0.139388,34.58220833,0.75,1
RSK2,263,280,228,18,MLTGTLPFQGKDRKETMT,,,16,2054.0409,RSK2-ERK2-ORF45,2,2059.893609,0.253093,4.609535,0.264159,3.652662,0.004841,6.58505,0.37737,41.1565625,0.7,1
RSK2,263,280,228,18,MLTGTLPFQGKDRKETMT,,,16,2054.0409,RSK2-ERK2-ORF45,5,2060.534395,0.247966,5.250321,0.259251,3.651345,0.001836,7.500458571,0.370358571,46.87786607,0.7,1
RSK2,263,281,229,19,MLTGTLPFQGKDRKETMTM,,,17,2185.0814,RSK2-ERK2,0,2186.381857,0.078964,0,0,3.931476,0.003215,0,0,0,1,1
RSK2,263,281,229,19,MLTGTLPFQGKDRKETMTM,,,17,2185.0814,RSK2-ERK2,0.5,2192.310108,0.162157,5.92825,0.180361,3.93553,0.004121,7.600320513,0.231232051,44.70776772,0.78,1
RSK2,263,281,229,19,MLTGTLPFQGKDRKETMTM,,,17,2185.0814,RSK2-ERK2,1,2193.144142,0.147946,6.762285,0.1677,3.93222,0.005305,9.01638,0.2236,53.03752941,0.75,1
RSK2,263,281,229,19,MLTGTLPFQGKDRKETMTM,,,17,2185.0814,RSK2-ERK2,2,2193.81945,0.098736,7.437593,0.126429,3.937856,0.001052,10.62513286,0.180612857,62.50078151,0.7,1
RSK2,263,281,229,19,MLTGTLPFQGKDRKETMTM,,,17,2185.0814,RSK2-ERK2,5,2194.630356,0.173217,8.248499,0.190367,3.939655,0.003224,11.78357,0.271952857,69.31511765,0.7,1
RSK2,263,281,229,19,MLTGTLPFQGKDRKETMTM,,,17,2185.0814,RSK2-ERK2-ORF45,0,2186.480628,0.072119,0,0,3.938565,0.002715,0,0,0,1,1
RSK2,263,281,229,19,MLTGTLPFQGKDRKETMTM,,,17,2185.0814,RSK2-ERK2-ORF45,0.5,2190.258375,0.149295,3.777747,0.165801,3.939077,0.004788,4.843265385,0.212565385,28.48979638,0.78,1
RSK2,263,281,229,19,MLTGTLPFQGKDRKETMTM,,,17,2185.0814,RSK2-ERK2-ORF45,1,2190.999968,0.117017,4.51934,0.137456,3.936836,0.004032,6.025786667,0.183274667,35.44580392,0.75,1
RSK2,263,281,229,19,MLTGTLPFQGKDRKETMTM,,,17,2185.0814,RSK2-ERK2-ORF45,2,2191.199482,0.198195,4.718854,0.210909,3.934908,0.000275,6.74122,0.301298571,39.65423529,0.7,1
RSK2,263,281,229,19,MLTGTLPFQGKDRKETMTM,,,17,2185.0814,RSK2-ERK2-ORF45,5,2191.647342,0.175162,5.166714,0.189428,3.934809,0.003096,7.38102,0.270611429,43.41776471,0.7,1
RSK2,280,300,230,21,TMILKAKLGMPQFLSPEAQSL,,,18,2303.2502,RSK2-ERK2,0,2304.703486,0.059503,0,0,4.673678,0.007239,0,0,0,1,1
RSK2,280,300,230,21,TMILKAKLGMPQFLSPEAQSL,,,18,2303.2502,RSK2-ERK2,0.5,2311.459716,0.127552,6.75623,0.140748,4.681721,0.006526,8.661833333,0.180446154,48.1212963,0.78,1
RSK2,280,300,230,21,TMILKAKLGMPQFLSPEAQSL,,,18,2303.2502,RSK2-ERK2,1,2312.081134,0.129187,7.377647,0.142232,4.672499,0.004583,9.836862667,0.189642667,54.64923704,0.75,1
RSK2,280,300,230,21,TMILKAKLGMPQFLSPEAQSL,,,18,2303.2502,RSK2-ERK2,2,2312.706397,0.175267,8.002911,0.185092,4.677823,0.004826,11.43273,0.264417143,63.51516667,0.7,1
RSK2,280,300,230,21,TMILKAKLGMPQFLSPEAQSL,,,18,2303.2502,RSK2-ERK2,5,2313.407012,0.192258,8.703526,0.201255,4.67969,0.007285,12.43360857,0.287507143,69.07560317,0.7,1
RSK2,280,300,230,21,TMILKAKLGMPQFLSPEAQSL,,,18,2303.2502,RSK2-ERK2-ORF45,0,2304.674322,0.068936,0,0,4.681282,0.003709,0,0,0,1,1
RSK2,280,300,230,21,TMILKAKLGMPQFLSPEAQSL,,,18,2303.2502,RSK2-ERK2-ORF45,0.5,2307.703602,0.14986,3.02928,0.164955,4.680288,0.002142,3.883692308,0.211480769,21.57606838,0.78,1
RSK2,280,300,230,21,TMILKAKLGMPQFLSPEAQSL,,,18,2303.2502,RSK2-ERK2-ORF45,1,2308.047837,0.194622,3.373515,0.20647,4.679111,0.003133,4.49802,0.275293333,24.989,0.75,1
RSK2,280,300,230,21,TMILKAKLGMPQFLSPEAQSL,,,18,2303.2502,RSK2-ERK2-ORF45,2,2308.197599,0.128126,3.523277,0.145494,4.679446,0.003708,5.033252857,0.207848571,27.96251587,0.7,1
RSK2,280,300,230,21,TMILKAKLGMPQFLSPEAQSL,,,18,2303.2502,RSK2-ERK2-ORF45,5,2308.385834,0.080827,3.711512,0.106232,4.677133,0.002967,5.30216,0.15176,29.45644444,0.7,1
RSK2,281,300,231,20,MILKAKLGMPQFLSPEAQSL,,,17,2202.2025,RSK2-ERK2,0,2203.575735,0.024215,0,0,4.648563,0.007782,0,0,0,1,1
RSK2,281,300,231,20,MILKAKLGMPQFLSPEAQSL,,,17,2202.2025,RSK2-ERK2,0.5,2210.114848,0.045684,6.539112,0.051704,4.656928,0.00468,8.383476923,0.066287179,49.31457014,0.78,1
RSK2,281,300,231,20,MILKAKLGMPQFLSPEAQSL,,,17,2202.2025,RSK2-ERK2,1,2210.743714,0.04252,7.167979,0.048931,4.647846,0.0026,9.557305333,0.065241333,56.21944314,0.75,1
RSK2,281,300,231,20,MILKAKLGMPQFLSPEAQSL,,,17,2202.2025,RSK2-ERK2,2,2211.24895,0.061786,7.673214,0.066362,4.654332,0.003672,10.96173429,0.094802857,64.48078992,0.7,1
RSK2,281,300,231,20,MILKAKLGMPQFLSPEAQSL,,,17,2202.2025,RSK2-ERK2,5,2211.723725,0.049145,8.14799,0.054787,4.656833,0.003912,11.63998571,0.078267143,68.4705042,0.7,1
RSK2,281,300,231,20,MILKAKLGMPQFLSPEAQSL,,,17,2202.2025,RSK2-ERK2-ORF45,0,2203.530535,0.031749,0,0,4.655397,0.001858,0,0,0,1,1
RSK2,281,300,231,20,MILKAKLGMPQFLSPEAQSL,,,17,2202.2025,RSK2-ERK2-ORF45,0.5,2206.607076,0.061338,3.076541,0.069068,4.655944,0.001978,3.944283333,0.088548718,23.20166667,0.78,1
RSK2,281,300,231,20,MILKAKLGMPQFLSPEAQSL,,,17,2202.2025,RSK2-ERK2-ORF45,1,2206.806553,0.026892,3.276018,0.041607,4.654914,0.002196,4.368024,0.055476,25.69425882,0.75,1
RSK2,281,300,231,20,MILKAKLGMPQFLSPEAQSL,,,17,2202.2025,RSK2-ERK2-ORF45,2,2206.943169,0.06168,3.412634,0.069372,4.65599,0.002958,4.875191429,0.099102857,28.67759664,0.7,1
RSK2,281,300,231,20,MILKAKLGMPQFLSPEAQSL,,,17,2202.2025,RSK2-ERK2-ORF45,5,2207.300851,0.028539,3.770317,0.04269,4.652837,0.001625,5.386167143,0.060985714,31.68333613,0.7,1
RSK2,282,300,232,19,ILKAKLGMPQFLSPEAQSL,,,16,2071.162,RSK2-ERK2,0,2072.494966,0.095469,0,0,4.535916,0.008088,0,0,0,1,1
RSK2,282,300,232,19,ILKAKLGMPQFLSPEAQSL,,,16,2071.162,RSK2-ERK2,0.5,2078.822888,0.061817,6.327922,0.113735,4.541257,0.002112,8.112720513,0.145814103,50.70450321,0.78,1
RSK2,282,300,232,19,ILKAKLGMPQFLSPEAQSL,,,16,2071.162,RSK2-ERK2,1,2079.383486,0.050974,6.88852,0.108225,4.537312,0.003615,9.184693333,0.1443,57.40433333,0.75,1
RSK2,282,300,232,19,ILKAKLGMPQFLSPEAQSL,,,16,2071.162,RSK2-ERK2,2,2079.679135,0.066202,7.184169,0.116177,4.541682,0.003819,10.26309857,0.165967143,64.14436607,0.7,1
RSK2,282,300,232,19,ILKAKLGMPQFLSPEAQSL,,,16,2071.162,RSK2-ERK2,5,2079.991318,0.085256,7.496351,0.127996,4.543189,0.003543,10.70907286,0.182851429,66.93170536,0.7,1
RSK2,282,300,232,19,ILKAKLGMPQFLSPEAQSL,,,16,2071.162,RSK2-ERK2-ORF45,0,2072.47179,0.078405,0,0,4.543086,0.002342,0,0,0,1,1
RSK2,282,300,232,19,ILKAKLGMPQFLSPEAQSL,,,16,2071.162,RSK2-ERK2-ORF45,0.5,2075.562047,0.01426,3.090257,0.079691,4.5446,0.003373,3.961867949,0.102167949,24.76167468,0.78,1
RSK2,282,300,232,19,ILKAKLGMPQFLSPEAQSL,,,16,2071.162,RSK2-ERK2-ORF45,1,2075.812767,0.046517,3.340978,0.091165,4.538665,0.003574,4.454637333,0.121553333,27.84148333,0.75,1
RSK2,282,300,232,19,ILKAKLGMPQFLSPEAQSL,,,16,2071.162,RSK2-ERK2-ORF45,2,2075.946113,0.041468,3.474323,0.088695,4.540345,0.002385,4.963318571,0.126707143,31.02074107,0.7,1
RSK2,282,300,232,19,ILKAKLGMPQFLSPEAQSL,,,16,2071.162,RSK2-ERK2-ORF45,5,2076.211591,0.040907,3.739802,0.088435,4.539357,0.002594,5.342574286,0.126335714,33.39108929,0.7,1
RSK2,282,301,233,20,ILKAKLGMPQFLSPEAQSLL,,,17,2184.2461,RSK2-ERK2,0,2185.489268,0.01727,0,0,4.845737,0.008307,0,0,0,1,1
RSK2,282,301,233,20,ILKAKLGMPQFLSPEAQSLL,,,17,2184.2461,RSK2-ERK2,0.5,2191.741442,0.049833,6.252174,0.05274,4.856774,0.00559,8.015607692,0.067615385,47.15063348,0.78,1
RSK2,282,301,233,20,ILKAKLGMPQFLSPEAQSLL,,,17,2184.2461,RSK2-ERK2,1,2192.365752,0.075923,6.876484,0.077863,4.845875,0.00265,9.168645333,0.103817333,53.93320784,0.75,1
RSK2,282,301,233,20,ILKAKLGMPQFLSPEAQSLL,,,17,2184.2461,RSK2-ERK2,2,2192.639198,0.051935,7.14993,0.054731,4.852096,0.004023,10.21418571,0.078187143,60.08344538,0.7,1
RSK2,282,301,233,20,ILKAKLGMPQFLSPEAQSLL,,,17,2184.2461,RSK2-ERK2,5,2192.889789,0.058088,7.400521,0.060601,4.855234,0.00457,10.57217286,0.086572857,62.1892521,0.7,1
RSK2,282,301,233,20,ILKAKLGMPQFLSPEAQSLL,,,17,2184.2461,RSK2-ERK2-ORF45,0,2185.464351,0.063144,0,0,4.846932,0.004126,0,0,0,1,1
RSK2,282,301,233,20,ILKAKLGMPQFLSPEAQSLL,,,17,2184.2461,RSK2-ERK2-ORF45,0.5,2188.076306,0.284891,2.611955,0.291805,4.844933,0.003621,3.348660256,0.374108974,19.69800151,0.78,1
RSK2,282,301,233,20,ILKAKLGMPQFLSPEAQSLL,,,17,2184.2461,RSK2-ERK2-ORF45,1,2188.354549,0.239088,2.890198,0.247285,4.843711,0.003307,3.853597333,0.329713333,22.66821961,0.75,1
RSK2,282,301,233,20,ILKAKLGMPQFLSPEAQSLL,,,17,2184.2461,RSK2-ERK2-ORF45,2,2188.481681,0.262125,3.01733,0.269623,4.844714,0.002666,4.310471429,0.385175714,25.35571429,0.7,1
RSK2,282,301,233,20,ILKAKLGMPQFLSPEAQSLL,,,17,2184.2461,RSK2-ERK2-ORF45,5,2188.737252,0.252886,3.272901,0.26065,4.843821,0.004451,4.675572857,0.372357143,27.50336975,0.7,1
RSK2,284,300,234,17,KAKLGMPQFLSPEAQSL,,,14,1844.9939,RSK2-ERK2,0,1846.056729,0.095251,0,0,4.394886,0.005699,0,0,0,1,1
RSK2,284,300,234,17,KAKLGMPQFLSPEAQSL,,,14,1844.9939,RSK2-ERK2,0.5,1851.735659,0.029121,5.67893,0.099603,4.395524,0.003767,7.280679487,0.127696154,52.00485348,0.78,1
RSK2,284,300,234,17,KAKLGMPQFLSPEAQSL,,,14,1844.9939,RSK2-ERK2,1,1852.080437,0.043324,6.023708,0.10464,4.396284,0.003597,8.031610667,0.13952,57.36864762,0.75,1
RSK2,284,300,234,17,KAKLGMPQFLSPEAQSL,,,14,1844.9939,RSK2-ERK2,2,1852.167091,0.035514,6.110361,0.101656,4.399201,0.002732,8.729087143,0.145222857,62.35062245,0.7,1
RSK2,284,300,234,17,KAKLGMPQFLSPEAQSL,,,14,1844.9939,RSK2-ERK2,5,1852.299025,0.115346,6.242296,0.14959,4.399036,0.003726,8.917565714,0.2137,63.69689796,0.7,1
RSK2,284,300,234,17,KAKLGMPQFLSPEAQSL,,,14,1844.9939,RSK2-ERK2-ORF45,0,1846.087005,0.025922,0,0,4.399925,0.0025,0,0,0,1,1
RSK2,284,300,234,17,KAKLGMPQFLSPEAQSL,,,14,1844.9939,RSK2-ERK2-ORF45,0.5,1849.242162,0.296734,3.155157,0.297864,4.403521,0.003622,4.045073077,0.381876923,28.89337912,0.78,1
RSK2,284,300,234,17,KAKLGMPQFLSPEAQSL,,,14,1844.9939,RSK2-ERK2-ORF45,1,1849.645722,0.042435,3.558717,0.049726,4.395822,0.004336,4.744956,0.066301333,33.89254286,0.75,1
RSK2,284,300,234,17,KAKLGMPQFLSPEAQSL,,,14,1844.9939,RSK2-ERK2-ORF45,2,1849.728111,0.021851,3.641106,0.033903,4.39762,0.002615,5.20158,0.048432857,37.15414286,0.7,1
RSK2,284,300,234,17,KAKLGMPQFLSPEAQSL,,,14,1844.9939,RSK2-ERK2-ORF45,5,1850.026462,0.031092,3.939457,0.04048,4.396635,0.002286,5.627795714,0.057828571,40.19854082,0.7,1
RSK2,284,301,235,18,KAKLGMPQFLSPEAQSLL,,,15,1958.0779,RSK2-ERK2,0,1959.215168,0.045938,0,0,4.742319,0.007118,0,0,0,1,1
RSK2,284,301,235,18,KAKLGMPQFLSPEAQSLL,,,15,1958.0779,RSK2-ERK2,0.5,1964.654826,0.065187,5.439658,0.079748,4.750149,0.00505,6.973920513,0.102241026,46.49280342,0.78,1
RSK2,284,301,235,18,KAKLGMPQFLSPEAQSLL,,,15,1958.0779,RSK2-ERK2,1,1965.036563,0.07993,5.821395,0.09219,4.740368,0.00236,7.76186,0.12292,51.74573333,0.75,1
RSK2,284,301,235,18,KAKLGMPQFLSPEAQSLL,,,15,1958.0779,RSK2-ERK2,2,1965.11323,0.0792,5.898062,0.091559,4.746354,0.004384,8.425802857,0.130798571,56.17201905,0.7,1
RSK2,284,301,235,18,KAKLGMPQFLSPEAQSLL,,,15,1958.0779,RSK2-ERK2,5,1965.29647,0.081641,6.081302,0.093678,4.749954,0.003872,8.687574286,0.133825714,57.9171619,0.7,1
RSK2,284,301,235,18,KAKLGMPQFLSPEAQSLL,,,15,1958.0779,RSK2-ERK2-ORF45,0,1959.246523,0.052238,0,0,4.746984,0.00197,0,0,0,1,1
RSK2,284,301,235,18,KAKLGMPQFLSPEAQSLL,,,15,1958.0779,RSK2-ERK2-ORF45,0.5,1962.285591,0.047211,3.039068,0.070411,4.745981,0.002474,3.896241026,0.090270513,25.97494017,0.78,1
RSK2,284,301,235,18,KAKLGMPQFLSPEAQSLL,,,15,1958.0779,RSK2-ERK2-ORF45,1,1962.565729,0.095165,3.319206,0.108559,4.74427,0.001324,4.425608,0.144745333,29.50405333,0.75,1
RSK2,284,301,235,18,KAKLGMPQFLSPEAQSLL,,,15,1958.0779,RSK2-ERK2-ORF45,2,1962.689308,0.069108,3.442786,0.086629,4.745616,0.000772,4.918265714,0.123755714,32.7884381,0.7,1
RSK2,284,301,235,18,KAKLGMPQFLSPEAQSLL,,,15,1958.0779,RSK2-ERK2-ORF45,5,1962.925039,0.093873,3.678516,0.107429,4.743497,0.002238,5.255022857,0.15347,35.03348571,0.7,1
RSK2,586,601,333,16,FVAPEVLKRQGYDAAC,,,14,1766.8894,RSK2-ERK2,0,1768.014383,0.062146,0,0,3.750718,0.003094,0,0,0,1,1
RSK2,586,601,333,16,FVAPEVLKRQGYDAAC,,,14,1766.8894,RSK2-ERK2,0.5,1776.562916,0.111061,8.548533,0.127266,3.743315,0.002024,10.95965769,0.163161538,78.28326923,0.78,1
RSK2,586,601,333,16,FVAPEVLKRQGYDAAC,,,14,1766.8894,RSK2-ERK2,1,1776.73547,0.099432,8.721087,0.117256,3.742133,0.001601,11.628116,0.156341333,83.05797143,0.75,1
RSK2,586,601,333,16,FVAPEVLKRQGYDAAC,,,14,1766.8894,RSK2-ERK2,2,1776.683398,0.046224,8.669015,0.077452,3.746419,0.00214,12.38430714,0.110645714,88.45933673,0.7,1
RSK2,586,601,333,16,FVAPEVLKRQGYDAAC,,,14,1766.8894,RSK2-ERK2,5,1776.775772,0.067438,8.761389,0.091706,3.746526,0.002106,12.51627,0.131008571,89.40192857,0.7,1
RSK2,586,601,333,16,FVAPEVLKRQGYDAAC,,,14,1766.8894,RSK2-ERK2-ORF45,0,1768.056994,0.068782,0,0,3.754513,0.002149,0,0,0,1,1
RSK2,586,601,333,16,FVAPEVLKRQGYDAAC,,,14,1766.8894,RSK2-ERK2-ORF45,0.5,1774.710253,0.050843,6.653259,0.085533,3.75036,0.002766,8.529819231,0.109657692,60.92728022,0.78,1
RSK2,586,601,333,16,FVAPEVLKRQGYDAAC,,,14,1766.8894,RSK2-ERK2-ORF45,1,1775.664377,0.08956,7.607383,0.112925,3.746033,0.003405,10.14317733,0.150566667,72.45126667,0.75,1
RSK2,586,601,333,16,FVAPEVLKRQGYDAAC,,,14,1766.8894,RSK2-ERK2-ORF45,2,1776.103085,0.052863,8.046091,0.08675,3.743902,0.001514,11.49441571,0.123928571,82.10296939,0.7,1
RSK2,586,601,333,16,FVAPEVLKRQGYDAAC,,,14,1766.8894,RSK2-ERK2-ORF45,5,1776.488957,0.091206,8.431963,0.114235,3.742911,0.001867,12.04566143,0.163192857,86.04043878,0.7,1
RSK2,586,602,334,17,FVAPEVLKRQGYDAACD,,,15,1881.9164,RSK2-ERK2,0,1882.979594,0.054638,0,0,3.725709,0.003825,0,0,0,1,1
RSK2,586,602,334,17,FVAPEVLKRQGYDAACD,,,15,1881.9164,RSK2-ERK2,0.5,1891.936141,0.124538,8.956547,0.135996,3.717128,0.001848,11.48275256,0.174353846,76.55168376,0.78,1
RSK2,586,602,334,17,FVAPEVLKRQGYDAACD,,,15,1881.9164,RSK2-ERK2,1,1892.194926,0.082617,9.215332,0.09905,3.716861,0.003046,12.28710933,0.132066667,81.91406222,0.75,1
RSK2,586,602,334,17,FVAPEVLKRQGYDAACD,,,15,1881.9164,RSK2-ERK2,2,1891.969518,0.194407,8.989924,0.201939,3.720874,0.002684,12.84274857,0.288484286,85.61832381,0.7,1
RSK2,586,602,334,17,FVAPEVLKRQGYDAACD,,,15,1881.9164,RSK2-ERK2,5,1892.161665,0.029217,9.182072,0.061959,3.719769,0.002153,13.11724571,0.088512857,87.44830476,0.7,1
RSK2,586,602,334,17,FVAPEVLKRQGYDAACD,,,15,1881.9164,RSK2-ERK2-ORF45,0,1883.083518,0.073222,0,0,3.730134,0.00369,0,0,0,1,1
RSK2,586,602,334,17,FVAPEVLKRQGYDAACD,,,15,1881.9164,RSK2-ERK2-ORF45,0.5,1889.943623,0.314516,6.860105,0.322927,3.724699,0.003499,8.79500641,0.414008974,58.63337607,0.78,1
RSK2,586,602,334,17,FVAPEVLKRQGYDAACD,,,15,1881.9164,RSK2-ERK2-ORF45,1,1891.008534,0.075462,7.925016,0.105147,3.719689,0.003666,10.566688,0.140196,70.44458667,0.75,1
RSK2,586,602,334,17,FVAPEVLKRQGYDAACD,,,15,1881.9164,RSK2-ERK2-ORF45,2,1891.277138,0.177612,8.19362,0.192113,3.7173,0.00319,11.70517143,0.274447143,78.03447619,0.7,1
RSK2,586,602,334,17,FVAPEVLKRQGYDAACD,,,15,1881.9164,RSK2-ERK2-ORF45,5,1891.683579,0.158016,8.600061,0.174156,3.718298,0.00383,12.28580143,0.248794286,81.90534286,0.7,1
RSK2,586,603,335,18,FVAPEVLKRQGYDAACDI,,,16,1995.0004,RSK2-ERK2,0,1996.121511,0.047834,0,0,4.173439,0.006601,0,0,0,1,1
RSK2,586,603,335,18,FVAPEVLKRQGYDAACDI,,,16,1995.0004,RSK2-ERK2,0.5,2005.265966,0.075139,9.144455,0.089072,4.170165,0.003614,11.72366026,0.114194872,73.2728766,0.78,1
RSK2,586,603,335,18,FVAPEVLKRQGYDAACDI,,,16,1995.0004,RSK2-ERK2,1,2005.602716,0.116176,9.481205,0.125638,4.171679,0.008471,12.64160667,0.167517333,79.01004167,0.75,1
RSK2,586,603,335,18,FVAPEVLKRQGYDAACDI,,,16,1995.0004,RSK2-ERK2,2,2005.559613,0.097521,9.438102,0.10862,4.173087,0.000992,13.48300286,0.155171429,84.26876786,0.7,1
RSK2,586,603,335,18,FVAPEVLKRQGYDAACDI,,,16,1995.0004,RSK2-ERK2,5,2005.588975,0.154571,9.467464,0.161803,4.174137,0.008265,13.52494857,0.231147143,84.53092857,0.7,1
RSK2,586,603,335,18,FVAPEVLKRQGYDAACDI,,,16,1995.0004,RSK2-ERK2-ORF45,0,1996.180474,0.068348,0,0,4.180189,0.002653,0,0,0,1,1
RSK2,586,603,335,18,FVAPEVLKRQGYDAACDI,,,16,1995.0004,RSK2-ERK2-ORF45,0.5,2003.223399,0.212958,7.042926,0.223657,4.174821,0.003957,9.029392308,0.286739744,56.43370192,0.78,1
RSK2,586,603,335,18,FVAPEVLKRQGYDAACDI,,,16,1995.0004,RSK2-ERK2-ORF45,1,2004.222195,0.286918,8.041721,0.294946,4.166693,0.00429,10.72229467,0.393261333,67.01434167,0.75,1
RSK2,586,603,335,18,FVAPEVLKRQGYDAACDI,,,16,1995.0004,RSK2-ERK2-ORF45,2,2004.771635,0.167404,8.591161,0.180819,4.165166,0.000559,12.27308714,0.258312857,76.70679464,0.7,1
RSK2,586,603,335,18,FVAPEVLKRQGYDAACDI,,,16,1995.0004,RSK2-ERK2-ORF45,5,2005.021387,0.152815,8.840913,0.167403,4.166693,0.001955,12.62987571,0.239147143,78.93672321,0.7,1
RSK2,586,606,336,21,FVAPEVLKRQGYDAACDIWSL,,,19,2381.1958,RSK2-ERK2,0,2382.597349,0.164654,0,0,5.117865,0.00476,0,0,0,1,1
RSK2,586,606,336,21,FVAPEVLKRQGYDAACDIWSL,,,19,2381.1958,RSK2-ERK2,0.5,2391.808109,0.166708,9.21076,0.234313,5.114074,0.003818,11.80866667,0.300401282,62.15087719,0.78,1
RSK2,586,606,336,21,FVAPEVLKRQGYDAACDIWSL,,,19,2381.1958,RSK2-ERK2,1,2392.35932,0.070362,9.761971,0.179058,5.105559,0.004464,13.01596133,0.238744,68.50505965,0.75,1
RSK2,586,606,336,21,FVAPEVLKRQGYDAACDIWSL,,,19,2381.1958,RSK2-ERK2,2,2392.298593,0.127063,9.701243,0.20798,5.105885,0.005205,13.85891857,0.297114286,72.94167669,0.7,1
RSK2,586,606,336,21,FVAPEVLKRQGYDAACDIWSL,,,19,2381.1958,RSK2-ERK2,5,2392.443244,0.195097,9.845894,0.255291,5.106004,0.003541,14.06556286,0.364701429,74.0292782,0.7,1
RSK2,586,606,336,21,FVAPEVLKRQGYDAACDIWSL,,,19,2381.1958,RSK2-ERK2-ORF45,0,2382.565116,0.113351,0,0,5.114311,0.0099,0,0,0,1,1
RSK2,586,606,336,21,FVAPEVLKRQGYDAACDIWSL,,,19,2381.1958,RSK2-ERK2-ORF45,0.5,2390.065856,0.044143,7.50074,0.121643,5.113675,0.002821,9.616333333,0.155952564,50.6122807,0.78,1
RSK2,586,606,336,21,FVAPEVLKRQGYDAACDIWSL,,,19,2381.1958,RSK2-ERK2-ORF45,1,2391.124533,0.364792,8.559416,0.381997,5.102444,0.005972,11.41255467,0.509329333,60.06607719,0.75,1
RSK2,586,606,336,21,FVAPEVLKRQGYDAACDIWSL,,,19,2381.1958,RSK2-ERK2-ORF45,2,2391.360705,0.28093,8.795589,0.302936,5.105077,0.002646,12.56512714,0.432765714,66.13224812,0.7,1
RSK2,586,606,336,21,FVAPEVLKRQGYDAACDIWSL,,,19,2381.1958,RSK2-ERK2-ORF45,5,2391.931317,0.165479,9.366201,0.200578,5.103966,0.005565,13.38028714,0.28654,70.42256391,0.7,1
RSK2,588,601,337,14,APEVLKRQGYDAAC,,,12,1520.7526,RSK2-ERK2,0,1521.596821,0.04259,0,0,3.748904,0.000561,0,0,0,1,1
RSK2,588,601,337,14,APEVLKRQGYDAAC,,,12,1520.7526,RSK2-ERK2,0.5,1529.076757,0.053477,7.479936,0.068364,3.74257,0.002071,9.589661538,0.087646154,79.91384615,0.78,1
RSK2,588,601,337,14,APEVLKRQGYDAAC,,,12,1520.7526,RSK2-ERK2,1,1529.327614,0.032783,7.730792,0.053746,3.74142,0.001254,10.30772267,0.071661333,85.89768889,0.75,1
RSK2,588,601,337,14,APEVLKRQGYDAAC,,,12,1520.7526,RSK2-ERK2,2,1529.314365,0.051574,7.717543,0.066887,3.746015,0.001477,11.02506143,0.095552857,91.8755119,0.7,1
RSK2,588,601,337,14,APEVLKRQGYDAAC,,,12,1520.7526,RSK2-ERK2,5,1529.239656,0.196641,7.642834,0.2012,3.74489,0.001549,10.91833429,0.287428571,90.98611905,0.7,1
RSK2,588,601,337,14,APEVLKRQGYDAAC,,,12,1520.7526,RSK2-ERK2-ORF45,0,1521.642823,0.042955,0,0,3.752573,0.002,0,0,0,1,1
RSK2,588,601,337,14,APEVLKRQGYDAAC,,,12,1520.7526,RSK2-ERK2-ORF45,0.5,1527.458159,0.20429,5.815336,0.208758,3.749724,0.001802,7.455558974,0.267638462,62.12965812,0.78,1
RSK2,588,601,337,14,APEVLKRQGYDAAC,,,12,1520.7526,RSK2-ERK2-ORF45,1,1528.339798,0.22121,6.696975,0.225342,3.744677,0.002254,8.9293,0.300456,74.41083333,0.75,1
RSK2,588,601,337,14,APEVLKRQGYDAAC,,,12,1520.7526,RSK2-ERK2-ORF45,2,1528.472045,0.040084,6.829221,0.058753,3.744169,0.000687,9.75603,0.083932857,81.30025,0.7,1
RSK2,588,601,337,14,APEVLKRQGYDAAC,,,12,1520.7526,RSK2-ERK2-ORF45,5,1528.782905,0.081336,7.140081,0.091982,3.741051,0.000903,10.20011571,0.131402857,85.00096429,0.7,1
RSK2,593,601,338,9,KRQGYDAAC,,,8,1011.4676,RSK2-ERK2,0,1012.014998,0.019415,0,0,2.352146,0.006637,0,0,0,1,1
RSK2,593,601,338,9,KRQGYDAAC,,,8,1011.4676,RSK2-ERK2,0.5,1016.101869,0.062101,4.086872,0.065065,2.363942,0.00422,5.239579487,0.083416667,65.49474359,0.78,1
RSK2,593,601,338,9,KRQGYDAAC,,,8,1011.4676,RSK2-ERK2,1,1016.407332,0.068889,4.392334,0.071573,2.361902,0.001995,5.856445333,0.095430667,73.20556667,0.75,1
RSK2,593,601,338,9,KRQGYDAAC,,,8,1011.4676,RSK2-ERK2,2,1016.458207,0.079128,4.443209,0.081475,2.365576,0.005091,6.347441429,0.116392857,79.34301786,0.7,1
RSK2,593,601,338,9,KRQGYDAAC,,,8,1011.4676,RSK2-ERK2,5,1016.59329,0.078203,4.578292,0.080577,2.355281,0.00679,6.540417143,0.11511,81.75521429,0.7,1
RSK2,593,601,338,9,KRQGYDAAC,,,8,1011.4676,RSK2-ERK2-ORF45,0,1012.035226,0.028205,0,0,2.360282,0.009547,0,0,0,1,1
RSK2,593,601,338,9,KRQGYDAAC,,,8,1011.4676,RSK2-ERK2-ORF45,0.5,1014.920539,0.136693,2.885313,0.139573,2.370193,0.00521,3.699119231,0.178939744,46.23899038,0.78,1
RSK2,593,601,338,9,KRQGYDAAC,,,8,1011.4676,RSK2-ERK2-ORF45,1,1015.510646,0.103329,3.47542,0.107109,2.358596,0.005137,4.633893333,0.142812,57.92366667,0.75,1
RSK2,593,601,338,9,KRQGYDAAC,,,8,1011.4676,RSK2-ERK2-ORF45,2,1015.928745,0.071439,3.893519,0.076805,2.353764,0.004633,5.56217,0.109721429,69.527125,0.7,1
RSK2,593,601,338,9,KRQGYDAAC,,,8,1011.4676,RSK2-ERK2-ORF45,5,1016.249026,0.10002,4.2138,0.103921,2.353154,0.002363,6.019714286,0.148458571,75.24642857,0.7,1
